,title,runtime,genres,rating,director,producer,cinematographer,writer,budget,domestic,foreign,worldwide,ROI,year,genre_list,Crime,Romance,Mystery,Horror,Action,Western,Sci-Fi,History,Adventure,Thriller,Drama,Fantasy,Biography,Sport,Music,War,Animation,Family,Documentary,Musical,Comedy
1,Lincoln,150.0,"Biography,Drama,History",7.4,Steven Spielberg,Kathleen Kennedy,Janusz Kaminski,Tony Kushner,65000000,182207973,91138308,273346281,320.53274,2012,"['Biography', 'Drama', 'History']",0,0,0,0,0,0,0,1,0,0,1,0,1,0,0,0,0,0,0,0,0
2,Season of the Witch,95.0,"Action,Adventure,Fantasy",5.4,Dominic Sena,Charles Roven,Amir Mokri,Bragi F. Schut,40000000,24827228,66299372,91126600,127.8165,2011,"['Action', 'Adventure', 'Fantasy']",0,0,0,0,1,0,0,0,1,0,0,1,0,0,0,0,0,0,0,0,0
3,Dallas Buyers Club,117.0,"Biography,Drama",8.0,Jean-Marc Vallée,Rachel Winter,Yves Bélanger,Craig Borten,5000000,27298285,33313560,60611845,1112.2369,2013,"['Biography', 'Drama']",0,0,0,0,0,0,0,0,0,0,1,0,1,0,0,0,0,0,0,0,0
4,Interstellar,169.0,"Adventure,Drama,Sci-Fi",8.6,Christopher Nolan,Emma Thomas,Hoyte Van Hoytema,Jonathan Nolan,165000000,188017894,478361481,666379375,303.8662878787879,2014,"['Adventure', 'Drama', 'Sci-Fi']",0,0,0,0,0,0,1,0,1,0,1,0,0,0,0,0,0,0,0,0,0
5,Flipped,90.0,"Comedy,Drama,Romance",7.7,Rob Reiner,Alan Greisman,Thomas Del Ruth,Andrew Scheinman,14000000,1755212,2534781,4289993,-69.35719285714286,2010,"['Comedy', 'Drama', 'Romance']",0,1,0,0,0,0,0,0,0,0,1,0,0,0,0,0,0,0,0,0,1
6,The Avengers,143.0,"Action,Adventure,Sci-Fi",8.1,Joss Whedon,Kevin Feige,Seamus McGarvey,Zak Penn,225000000,623279547,894656350,1517935897,574.6381764444444,2012,"['Action', 'Adventure', 'Sci-Fi']",0,0,0,0,1,0,1,0,1,0,0,0,0,0,0,0,0,0,0,0,0
7,Eat Pray Love,133.0,"Drama,Romance",5.8,Ryan Murphy,Dede Gardner,Robert Richardson,Jennifer Salt,60000000,80574010,126024779,206598789,244.331315,2010,"['Drama', 'Romance']",0,1,0,0,0,0,0,0,0,0,1,0,0,0,0,0,0,0,0,0,0
8,The Wedding Ringer,101.0,Comedy,6.7,Jeremy Garelick,Will Packer,Bradford Lipson,Jay Lavender,23000000,64460211,15711385,80171596,248.57215652173915,2015,['Comedy'],0,0,0,0,0,0,0,0,0,0,0,0,0,0,0,0,0,0,0,0,1
9,Salt,100.0,"Action,Mystery,Thriller",6.4,Phillip Noyce,Lorenzo di Bonaventura,Robert Elswit,Kurt Wimmer,130000000,118311368,172339126,290650494,123.57730307692307,2010,"['Action', 'Mystery', 'Thriller']",0,0,1,0,1,0,0,0,0,1,0,0,0,0,0,0,0,0,0,0,0
10,Nine Dead,98.0,"Crime,Drama,Horror",5.5,Chris Shadley,Paula Hart,Mark Vargo,Patrick Wehe Mahoney,2000000,0,0,0,-100.0,2009,"['Crime', 'Drama', 'Horror']",1,0,0,1,0,0,0,0,0,0,1,0,0,0,0,0,0,0,0,0,0
11,Sucker Punch,110.0,"Action,Adventure,Fantasy",6.1,Zack Snyder,Deborah Snyder,Larry Fong,Steve Shibuya,75000000,36392502,53365887,89758389,19.677852,2011,"['Action', 'Adventure', 'Fantasy']",0,0,0,0,1,0,0,0,1,0,0,1,0,0,0,0,0,0,0,0,0
12,The Green Hornet,119.0,"Action,Comedy,Crime",5.8,Michel Gondry,Neal H. Moritz,John Schwartzman,Evan Goldberg,110000000,98780042,130375461,229155503,108.32318454545455,2011,"['Action', 'Comedy', 'Crime']",1,0,0,0,1,0,0,0,0,0,0,0,0,0,0,0,0,0,0,0,1
13,The Iron Lady,105.0,"Biography,Drama",6.4,Phyllida Lloyd,Damian Jones,Elliot Davis,Abi Morgan,14000000,29959436,85632668,115592104,725.6578857142857,2012,"['Biography', 'Drama']",0,0,0,0,0,0,0,0,0,0,1,0,1,0,0,0,0,0,0,0,0
14,The Eagle,114.0,"Action,Adventure,Drama",6.2,Kevin Macdonald,Duncan Kenworthy,Anthony Dod Mantle,Jeremy Brock,25000000,19490041,19503507,38993548,55.974192,2011,"['Action', 'Adventure', 'Drama']",0,0,0,0,1,0,0,0,1,0,1,0,0,0,0,0,0,0,0,0,0
15,Legion,100.0,"Action,Fantasy,Horror",5.2,Scott Stewart,David Lancaster,John Lindley,Peter Schink,26000000,40168080,27479494,67647574,160.18297692307692,2010,"['Action', 'Fantasy', 'Horror']",0,0,0,1,1,0,0,0,0,0,0,1,0,0,0,0,0,0,0,0,0
16,The Bounty Hunter,110.0,"Action,Comedy,Romance",5.6,Andy Tennant,Neal H. Moritz,Oliver Bokelberg,Sarah Thorp,45000000,67061228,68747609,135808837,201.79741555555557,2010,"['Action', 'Comedy', 'Romance']",0,1,0,0,1,0,0,0,0,0,0,0,0,0,0,0,0,0,0,0,1
17,The Nutcracker in 3D,110.0,"Action,Family,Fantasy",4.3,Andrey Konchalovskiy,Paul Lowin,Mike Southon,Chris Solimine,90000000,195459,20270557,20466016,-77.25998222222222,2010,"['Action', 'Family', 'Fantasy']",0,0,0,0,1,0,0,0,0,0,0,1,0,0,0,0,0,1,0,0,0
18,Repo Men,111.0,"Action,Crime,Sci-Fi",6.3,Miguel Sapochnik,Scott Stuber,Enrique Chediak,Eric Garcia,32000000,13942007,4253231,18195238,-43.13988125,2010,"['Action', 'Crime', 'Sci-Fi']",1,0,0,0,1,0,1,0,0,0,0,0,0,0,0,0,0,0,0,0,0
19,Good Intentions,84.0,Comedy,5.2,Jim Issa,Pamela Peacock,Jordan McMonagle,Michael Lucker,10000000,0,0,0,-100.0,2009,['Comedy'],0,0,0,0,0,0,0,0,0,0,0,0,0,0,0,0,0,0,0,0,1
20,Winchester,99.0,"Biography,Drama,Fantasy",5.4,Michael Spierig,Tim McGahan,Ben Nott,Tom Vaughan,3500000,25091816,19286224,44378040,1167.944,2018,"['Biography', 'Drama', 'Fantasy']",0,0,0,0,0,0,0,0,0,0,1,1,1,0,0,0,0,0,0,0,0
21,The Belko Experiment,89.0,"Horror,Thriller",6.1,Greg McLean,Peter Safran,Luis David Sansans,James Gunn,5000000,10166820,1626122,11792942,135.85884,2017,"['Horror', 'Thriller']",0,0,0,1,0,0,0,0,0,1,0,0,0,0,0,0,0,0,0,0,0
22,Paddington,95.0,"Adventure,Comedy,Family",7.2,Paul King,David Heyman,Erik Wilson,Hamish McColl,55000000,76223578,182565519,258789097,370.5256309090909,2015,"['Adventure', 'Comedy', 'Family']",0,0,0,0,0,0,0,0,1,0,0,0,0,0,0,0,0,1,0,0,1
23,Trance,83.0,Horror,4.6,Hans Rodionoff,Jordan Kessler,Andy Sparaco,John Fallon,16000000,2322593,20271459,22594052,41.212824999999995,2013,['Horror'],0,0,0,1,0,0,0,0,0,0,0,0,0,0,0,0,0,0,0,0,0
24,Free State of Jones,139.0,"Action,Biography,Drama",6.9,Gary Ross,Jon Kilik,Benoît Delhomme,Leonard Hartman,50000000,20810036,2427216,23237252,-53.525496,2016,"['Action', 'Biography', 'Drama']",0,0,0,0,1,0,0,0,0,0,1,0,1,0,0,0,0,0,0,0,0
25,Love Ranch,117.0,"Biography,Comedy,Drama",5.6,Taylor Hackford,Lou DiBella,Kieran McGuigan,Mark Jacobson,25000000,137885,8264,146149,-99.415404,2010,"['Biography', 'Comedy', 'Drama']",0,0,0,0,0,0,0,0,0,0,1,0,1,0,0,0,0,0,0,0,1
26,Big Eyes,106.0,"Biography,Crime,Drama",7.0,Tim Burton,Lynette Howell Taylor,Bruno Delbonnel,Scott Alexander,10000000,14482031,12835841,27317872,173.17872,2014,"['Biography', 'Crime', 'Drama']",1,0,0,0,0,0,0,0,0,0,1,0,1,0,0,0,0,0,0,0,0
27,Morning Glory,107.0,"Comedy,Drama,Romance",6.5,Roger Michell,J.J. Abrams,Alwin H. Küchler,Aline Brosh McKenna,40000000,31011732,28783338,59795070,49.487674999999996,2010,"['Comedy', 'Drama', 'Romance']",0,1,0,0,0,0,0,0,0,0,1,0,0,0,0,0,0,0,0,0,1
28,The Ghost Writer,128.0,"Drama,Mystery,Thriller",7.2,Roman Polanski,Robert Benmussa,Pawel Edelman,Robert Harris,45000000,15541549,49990942,65532491,45.62775777777778,2010,"['Drama', 'Mystery', 'Thriller']",0,0,1,0,0,0,0,0,0,1,1,0,0,0,0,0,0,0,0,0,0
29,Frankenweenie,87.0,"Animation,Comedy,Family",7.0,Tim Burton,Allison Abbate,Peter Sorg,Leonard Ripps,39000000,35287788,45863000,81150788,108.07894358974359,2012,"['Animation', 'Comedy', 'Family']",0,0,0,0,0,0,0,0,0,0,0,0,0,0,0,0,1,1,0,0,1
30,Beastly,86.0,"Drama,Fantasy,Romance",5.6,Daniel Barnz,Susan Cartsonis,Mandy Walker,Alex Flinn,17000000,27865571,10162659,38028230,123.6954705882353,2011,"['Drama', 'Fantasy', 'Romance']",0,1,0,0,0,0,0,0,0,0,1,1,0,0,0,0,0,0,0,0,0
31,Blood Done Sign My Name,128.0,Drama,6.6,Jeb Stuart,Mel Efros,Steve Mason,Tim Tyson,10000000,109383,0,109383,-98.90617,2010,['Drama'],0,0,0,0,0,0,0,0,0,0,1,0,0,0,0,0,0,0,0,0,0
32,Hereafter,129.0,"Drama,Fantasy,Romance",6.5,Clint Eastwood,Robert Lorenz,Tom Stern,Peter Morgan,50000000,32746941,75913329,108660270,117.32054000000001,2010,"['Drama', 'Fantasy', 'Romance']",0,1,0,0,0,0,0,0,0,0,1,1,0,0,0,0,0,0,0,0,0
33,"Fat, Sick & Nearly Dead",97.0,Documentary,7.6,Kurt Engfehr,Stacey Offman,Daniel Marracino,Robert Mac,2600000,0,0,0,-100.0,2011,['Documentary'],0,0,0,0,0,0,0,0,0,0,0,0,0,0,0,0,0,0,1,0,0
34,Brighton Rock,111.0,"Crime,Drama,Thriller",5.7,Rowan Joffe,Paul Webster,John Mathieson,Graham Greene,11000000,229653,0,229653,-97.91224545454546,2011,"['Crime', 'Drama', 'Thriller']",1,0,0,0,0,0,0,0,0,1,1,0,0,0,0,0,0,0,0,0,0
35,Your Highness,102.0,"Adventure,Comedy,Fantasy",5.5,David Gordon Green,Scott Stuber,Tim Orr,Ben Best,50000000,21596445,4525193,26121638,-47.756724,2011,"['Adventure', 'Comedy', 'Fantasy']",0,0,0,0,0,0,0,0,1,0,0,1,0,0,0,0,0,0,0,0,1
36,Conviction,107.0,"Biography,Crime,Drama",7.2,Tony Goldwyn,Andrew S. Karsch,Adriano Goldman,Pamela Gray,12500000,6797696,5029284,11826980,-5.3841600000000005,2010,"['Biography', 'Crime', 'Drama']",1,0,0,0,0,0,0,0,0,0,1,0,1,0,0,0,0,0,0,0,0
37,Snatched,81.0,Comedy,5.5,Joe Cacaci,Jerry Daigle,George Gibson,Alan Donnes,42000000,45852178,11999999,57852177,37.743278571428576,2017,['Comedy'],0,0,0,0,0,0,0,0,0,0,0,0,0,0,0,0,0,0,0,0,1
38,Sex and the City 2,146.0,"Comedy,Drama,Romance",4.4,Michael Patrick King,John P. Melfi,John Thomas,Darren Star,95000000,95347692,199333086,294680778,210.19029263157893,2010,"['Comedy', 'Drama', 'Romance']",0,1,0,0,0,0,0,0,0,0,1,0,0,0,0,0,0,0,0,0,1
39,Scream 4,111.0,"Horror,Mystery",6.2,Wes Craven,Iya Labunka,Peter Deming,Kevin Williamson,40000000,38180928,57808662,95989590,139.973975,2011,"['Horror', 'Mystery']",0,0,1,1,0,0,0,0,0,0,0,0,0,0,0,0,0,0,0,0,0
40,The Roommate,91.0,"Drama,Thriller",4.9,Christian E. Christiansen,Doug Davison,Phil Parmet,Sonny Mallhi,16000000,37300107,15245600,52545707,228.41066875,2011,"['Drama', 'Thriller']",0,0,0,0,0,0,0,0,0,1,1,0,0,0,0,0,0,0,0,0,0
41,A Very Harold & Kumar 3D Christmas,90.0,"Adventure,Comedy",6.3,Todd Strauss-Schulson,Greg Shapiro,Michael Barrett,Jon Hurwitz,20000000,35061031,1204714,36265745,81.328725,2011,"['Adventure', 'Comedy']",0,0,0,0,0,0,0,0,1,0,0,0,0,0,0,0,0,0,0,0,1
42,Easy A,92.0,"Comedy,Drama,Romance",7.1,Will Gluck,Zanne Devine,Michael Grady,Bert V. Royal,8000000,58401464,17799257,76200721,852.5090125,2010,"['Comedy', 'Drama', 'Romance']",0,1,0,0,0,0,0,0,0,0,1,0,0,0,0,0,0,0,0,0,1
43,N-Secure,105.0,"Crime,Drama,Thriller",3.6,David M. Matthews,Valerie Enloe,Andy Dean,Julius Lewis,1600000,2595644,0,2595644,62.22775,2010,"['Crime', 'Drama', 'Thriller']",1,0,0,0,0,0,0,0,0,1,1,0,0,0,0,0,0,0,0,0,0
44,Warrior,140.0,"Drama,Sport",8.2,Gavin O'Connor,Greg O'Connor,Masanobu Takayanagi,Anthony Tambakis,25000000,13657115,10558270,24215385,-3.13846,2011,"['Drama', 'Sport']",0,0,0,0,0,0,0,0,0,0,1,0,0,1,0,0,0,0,0,0,0
45,50/50,100.0,"Comedy,Drama,Romance",7.7,Jonathan Levine,Evan Goldberg,Terry Stacey,Will Reiser,8000000,35016118,6318617,41334735,416.6841875,2011,"['Comedy', 'Drama', 'Romance']",0,1,0,0,0,0,0,0,0,0,1,0,0,0,0,0,0,0,0,0,1
46,Devil,80.0,"Horror,Mystery,Thriller",6.2,John Erick Dowdle,Sam Mercer,Tak Fujimoto,M. Night Shyamalan,10000000,33679655,29674459,63354114,533.54114,2010,"['Horror', 'Mystery', 'Thriller']",0,0,1,1,0,0,0,0,0,1,0,0,0,0,0,0,0,0,0,0,0
47,The Reef,94.0,"Adventure,Drama,Horror",5.8,Andrew Traucki,Michael Robertson,Daniel Ardilley,James M. Vernon,10000000,0,15037867,15037867,50.37867,2010,"['Adventure', 'Drama', 'Horror']",0,0,0,1,0,0,0,0,1,0,1,0,0,0,0,0,0,0,0,0,0
48,The Perfect Host,93.0,"Comedy,Crime,Thriller",6.8,Nick Tomnay,Mark Victor,John Brawley,Krishna Jones,1000000,48764,2823,51587,-94.84129999999999,2011,"['Comedy', 'Crime', 'Thriller']",1,0,0,0,0,0,0,0,0,1,0,0,0,0,0,0,0,0,0,0,1
49,If I Stay,107.0,"Drama,Fantasy,Music",6.8,R.J. Cutler,Alison Greenspan,John de Borman,Shauna Cross,11000000,50474843,27881327,78356170,612.3288181818182,2014,"['Drama', 'Fantasy', 'Music']",0,0,0,0,0,0,0,0,0,0,1,1,0,0,1,0,0,0,0,0,0
50,Made in Dagenham,113.0,"Biography,Comedy,Drama",7.2,Nigel Cole,Elizabeth Karlsen,John de Borman,William Ivory,8000000,1095369,14548827,15644196,95.55245,2010,"['Biography', 'Comedy', 'Drama']",0,0,0,0,0,0,0,0,0,0,1,0,1,0,0,0,0,0,0,0,1
51,Grown Ups,102.0,Comedy,6.0,Dennis Dugan,Jack Giarraputo,Theo van de Sande,Fred Wolf,75000000,162001186,110222244,272223430,262.9645733333333,2010,['Comedy'],0,0,0,0,0,0,0,0,0,0,0,0,0,0,0,0,0,0,0,0,1
52,The Other Guys,107.0,"Action,Comedy,Crime",6.7,Adam McKay,Jimmy Miller,Oliver Wood,Chris Henchy,100000000,119219978,51716492,170936470,70.93647,2010,"['Action', 'Comedy', 'Crime']",1,0,0,0,1,0,0,0,0,0,0,0,0,0,0,0,0,0,0,0,1
53,Suicide Squad,123.0,"Action,Adventure,Fantasy",6.0,David Ayer,Charles Roven,Roman Vasyanov,John Ostrander,175000000,325100054,420959833,746059887,326.31993542857145,2016,"['Action', 'Adventure', 'Fantasy']",0,0,0,0,1,0,0,0,1,0,0,1,0,0,0,0,0,0,0,0,0
54,Downsizing,135.0,"Drama,Sci-Fi",5.7,Alexander Payne,Mark Johnson,Phedon Papamichael,Jim Taylor,68000000,24449754,30013217,54462971,-19.907395588235293,2017,"['Drama', 'Sci-Fi']",0,0,0,0,0,0,1,0,0,0,1,0,0,0,0,0,0,0,0,0,0
55,When the Bough Breaks,107.0,"Crime,Drama,Horror",5.1,Jon Cassar,Michael Lynne,David Moxness,Jack Olsen,10000000,29747603,1020846,30768449,207.68449,2016,"['Crime', 'Drama', 'Horror']",1,0,0,1,0,0,0,0,0,0,1,0,0,0,0,0,0,0,0,0,0
56,Winter's Bone,100.0,"Drama,Mystery",7.2,Debra Granik,Alix Madigan,Michael McDonough,Anne Rosellini,2000000,6531503,9600048,16131551,706.57755,2010,"['Drama', 'Mystery']",0,0,1,0,0,0,0,0,0,0,1,0,0,0,0,0,0,0,0,0,0
57,True Grit,110.0,"Adventure,Drama,Western",7.6,Ethan Coen,Scott Rudin,Roger Deakins,Charles Portis,35000000,171243005,81033923,252276928,620.7912228571429,2010,"['Adventure', 'Drama', 'Western']",0,0,0,0,0,1,0,0,1,0,1,0,0,0,0,0,0,0,0,0,0
58,Remember Me,113.0,"Drama,Romance",7.1,Allen Coulter,Trevor Engelson,Jonathan Freeman,Will Fetters,16000000,19068240,37437880,56506120,253.16325,2010,"['Drama', 'Romance']",0,1,0,0,0,0,0,0,0,0,1,0,0,0,0,0,0,0,0,0,0
59,For Colored Girls,133.0,Drama,6.1,Tyler Perry,Roger M. Bobb,Alexander Gruszynski,Ntozake Shange,21000000,37729698,288175,38017873,81.03749047619047,2010,['Drama'],0,0,0,0,0,0,0,0,0,0,1,0,0,0,0,0,0,0,0,0,0
60,Tracker,102.0,"Action,Adventure,Drama",6.5,Ian Sharp,Trevor Haysom,Harvey Harrison,Nicolas van Pallandt,6500000,0,3149,3149,-99.95155384615386,2011,"['Action', 'Adventure', 'Drama']",0,0,0,0,1,0,0,0,1,0,1,0,0,0,0,0,0,0,0,0,0
61,You Again,105.0,"Comedy,Family,Romance",5.8,Andy Fickman,John J. Strauss,David Hennings,Moe Jelline,20000000,25702053,7136892,32838945,64.19472499999999,2010,"['Comedy', 'Family', 'Romance']",0,1,0,0,0,0,0,0,0,0,0,0,0,0,0,0,0,1,0,0,1
62,Beneath Hill 60,122.0,"Drama,History,War",7.1,Jeremy Sims,Bill Leimbach,Toby Oliver,David Roach,9000000,0,3440939,3440939,-61.76734444444445,2014,"['Drama', 'History', 'War']",0,0,0,0,0,0,0,1,0,0,1,0,0,0,0,1,0,0,0,0,0
63,A Lonely Place to Die,99.0,"Adventure,Crime,Thriller",6.3,Julian Gilbey,Michael Loveday,Ali Asad,Will Gilbey,4000000,0,442550,442550,-88.93625,2012,"['Adventure', 'Crime', 'Thriller']",1,0,0,0,0,0,0,0,1,1,0,0,0,0,0,0,0,0,0,0,0
64,Barney's Version,134.0,"Comedy,Drama",7.3,Richard J. Lewis,Robert Lantos,Guy Dufaux,Mordecai Richler,30000000,7502560,1343015,8845575,-70.51475,2011,"['Comedy', 'Drama']",0,0,0,0,0,0,0,0,0,0,1,0,0,0,0,0,0,0,0,0,1
65,Stone,105.0,"Drama,Thriller",5.4,John Curran,Holly Wiersma,Maryse Alberti,Angus MacLachlan,22000000,1810078,2254942,4065020,-81.52263636363635,2010,"['Drama', 'Thriller']",0,0,0,0,0,0,0,0,0,1,1,0,0,0,0,0,0,0,0,0,0
66,Deadline,95.0,"Drama,Mystery,Thriller",4.8,Curt Hahn,Molly M. Mayeux,Paul Marschall,Mark Ethridge,1800000,0,0,0,-100.0,2009,"['Drama', 'Mystery', 'Thriller']",0,0,1,0,0,0,0,0,0,1,1,0,0,0,0,0,0,0,0,0,0
67,Mientras duermes,102.0,"Drama,Horror,Thriller",7.2,Jaume Balagueró,Julio Fernández,Pablo Rosso,Alberto Marini,5000000,0,9109597,9109597,82.19194,2012,"['Drama', 'Horror', 'Thriller']",0,0,0,1,0,0,0,0,0,1,1,0,0,0,0,0,0,0,0,0,0
68,Quartet,94.0,"Comedy,Drama",6.8,Dustin Hoffman,Finola Dwyer,John de Borman,Ronald Harwood,11000000,18388357,37790578,56178935,410.7175909090909,2013,"['Comedy', 'Drama']",0,0,0,0,0,0,0,0,0,0,1,0,0,0,0,0,0,0,0,0,1
69,My Girlfriend's Boyfriend,84.0,"Comedy,Romance",5.8,Daryn Tufts,Rick McFarland,Brandon Christensen,Benji Smith,1400000,0,0,0,-100.0,2010,"['Comedy', 'Romance']",0,1,0,0,0,0,0,0,0,0,0,0,0,0,0,0,0,0,0,0,1
70,Gravity,91.0,"Drama,Sci-Fi,Thriller",7.7,Alfonso Cuarón,David Heyman,Emmanuel Lubezki,Jonás Cuarón,110000000,274092705,419605968,693698673,530.6351572727273,2013,"['Drama', 'Sci-Fi', 'Thriller']",0,0,0,0,0,0,1,0,0,1,1,0,0,0,0,0,0,0,0,0,0
71,Buried,95.0,"Drama,Mystery,Thriller",7.0,Rodrigo Cortés,Peter Safran,Eduard Grau,Chris Sparling,1987650,1044143,20226147,21270290,970.1225064774986,2010,"['Drama', 'Mystery', 'Thriller']",0,0,1,0,0,0,0,0,0,1,1,0,0,0,0,0,0,0,0,0,0
72,The Odd Life of Timothy Green,105.0,"Comedy,Drama,Family",6.6,Peter Hedges,Jim Whitaker,John Toll,Ahmet Zappa,40000000,51853450,3395709,55249159,38.1228975,2012,"['Comedy', 'Drama', 'Family']",0,0,0,0,0,0,0,0,0,0,1,0,0,0,0,0,0,1,0,0,1
73,Joy,75.0,Drama,6.1,Mijke de Jong,Frans van Gestel,Ton Peters,Helena van der Meulen,60000000,56451232,44682827,101134059,68.556765,2015,['Drama'],0,0,0,0,0,0,0,0,0,0,1,0,0,0,0,0,0,0,0,0,0
74,MacGruber,90.0,"Action,Comedy,Romance",5.5,Jorma Taccone,John Goldwyn,Brandon Trost,John Solomon,10000000,8525600,104295,8629895,-13.70105,2010,"['Action', 'Comedy', 'Romance']",0,1,0,0,1,0,0,0,0,0,0,0,0,0,0,0,0,0,0,0,1
75,Max Steel,92.0,"Action,Adventure,Family",4.6,Stewart Hendler,Bill O'Dowd,Brett Pawlak,Christopher L. Yost,10000000,3818664,744416,4563080,-54.36919999999999,2016,"['Action', 'Adventure', 'Family']",0,0,0,0,1,0,0,0,1,0,0,0,0,0,0,0,0,1,0,0,0
76,The Change-Up,112.0,"Comedy,Fantasy",6.3,David Dobkin,Neal H. Moritz,Eric Alan Edwards,Jon Lucas,52000000,37243418,38753649,75997067,46.14820576923077,2011,"['Comedy', 'Fantasy']",0,0,0,0,0,0,0,0,0,0,0,1,0,0,0,0,0,0,0,0,1
77,Area 51,91.0,"Horror,Sci-Fi,Thriller",4.2,Oren Peli,Jason Blum,Todd Matthew Grossman,Christopher Denham,5000000,7556,0,7556,-99.84888,2015,"['Horror', 'Sci-Fi', 'Thriller']",0,0,0,1,0,0,1,0,0,1,0,0,0,0,0,0,0,0,0,0,0
78,Everything Must Go,97.0,"Comedy,Drama",6.4,Dan Rush,Wyck Godfrey,Michael Barrett,Raymond Carver,5000000,2712131,108879,2821010,-43.5798,2011,"['Comedy', 'Drama']",0,0,0,0,0,0,0,0,0,0,1,0,0,0,0,0,0,0,0,0,1
79,Beautiful Boy,100.0,Drama,6.6,Shawn Ku,Lee Clay,Michael Fimognari,Michael Armbruster,25000000,7634767,5396657,13031424,-47.874304,2018,['Drama'],0,0,0,0,0,0,0,0,0,0,1,0,0,0,0,0,0,0,0,0,0
80,Hope Springs,100.0,"Comedy,Drama,Romance",6.3,David Frankel,Guymon Casady,Florian Ballhaus,Vanessa Taylor,30000000,63536011,69549284,133085295,343.61765,2012,"['Comedy', 'Drama', 'Romance']",0,1,0,0,0,0,0,0,0,0,1,0,0,0,0,0,0,0,0,0,1
81,The Grace Card,101.0,Drama,6.6,David G. Evans,John Nasraway,John Paul Clark,Howard Klausner,200000,2430735,0,2430735,1115.3675,2011,['Drama'],0,0,0,0,0,0,0,0,0,0,1,0,0,0,0,0,0,0,0,0,0
82,Premium Rush,91.0,"Action,Crime,Thriller",6.5,David Koepp,Gavin Polone,Mitchell Amundsen,John Kamps,35000000,20275446,11117755,31393201,-10.30514,2012,"['Action', 'Crime', 'Thriller']",1,0,0,0,1,0,0,0,0,1,0,0,0,0,0,0,0,0,0,0,0
83,The Last Stand,107.0,"Action,Thriller",6.4,Jee-woon Kim,Lorenzo di Bonaventura,Ji-yong Kim,Andrew Knauer,30000000,12050299,36280458,48330757,61.10252333333334,2013,"['Action', 'Thriller']",0,0,0,0,1,0,0,0,0,1,0,0,0,0,0,0,0,0,0,0,0
84,The Devil Inside,83.0,Horror,4.2,William Brent Bell,Morris Paulson,Gonzalo Amat,Matthew Peterman,1000000,53262945,48496545,101759490,10075.949,2012,['Horror'],0,0,0,1,0,0,0,0,0,0,0,0,0,0,0,0,0,0,0,0,0
85,One Day,107.0,"Drama,Romance",7.0,Lone Scherfig,Nina Jacobson,Benoît Delhomme,David Nicholls,15000000,13843771,45324921,59168692,294.45794666666666,2011,"['Drama', 'Romance']",0,1,0,0,0,0,0,0,0,0,1,0,0,0,0,0,0,0,0,0,0
86,Overboard,112.0,"Comedy,Romance",5.9,Rob Greenberg,Ben Odell,Michael Barrett,Bob Fisher,12000000,50316123,35053707,85369830,611.41525,2018,"['Comedy', 'Romance']",0,1,0,0,0,0,0,0,0,0,0,0,0,0,0,0,0,0,0,0,1
87,For Greater Glory: The True Story of Cristiada,145.0,"Drama,History,War",6.6,Dean Wright,Pablo Jose Barroso,Eduardo Martínez Solares,Michael Love,12000000,5669081,4357174,10026255,-16.447875,2012,"['Drama', 'History', 'War']",0,0,0,0,0,0,0,1,0,0,1,0,0,0,0,1,0,0,0,0,0
88,Man on a Ledge,102.0,"Action,Adventure,Crime",6.6,Asger Leth,Lorenzo di Bonaventura,Paul Cameron,Pablo F. Fenjves,42000000,18620000,31001440,49621440,18.146285714285714,2012,"['Action', 'Adventure', 'Crime']",1,0,0,0,1,0,0,0,1,0,0,0,0,0,0,0,0,0,0,0,0
89,A Dangerous Method,99.0,"Biography,Drama,Romance",6.4,David Cronenberg,Jeremy Thomas,Peter Suschitzky,Christopher Hampton,20000000,5702083,9105448,14807531,-25.962345,2011,"['Biography', 'Drama', 'Romance']",0,1,0,0,0,0,0,0,0,0,1,0,1,0,0,0,0,0,0,0,0
90,The Dilemma,111.0,"Comedy,Drama",5.3,Ron Howard,Brian Grazer,Salvatore Totino,Allan Loeb,70000000,48475290,22071575,70546865,0.7812357142857143,2011,"['Comedy', 'Drama']",0,0,0,0,0,0,0,0,0,0,1,0,0,0,0,0,0,0,0,0,1
91,Safe House,115.0,"Action,Adventure,Crime",6.8,Daniel Espinosa,Scott Stuber,Oliver Wood,David Guggenheim,85000000,126181630,82360532,208542162,145.34372,2012,"['Action', 'Adventure', 'Crime']",1,0,0,0,1,0,0,0,1,0,0,0,0,0,0,0,0,0,0,0,0
92,Prom,104.0,"Comedy,Drama,Family",5.4,Joe Nussbaum,Ted Griffin,Byron Shah,Katie Wech,8000000,10130219,632964,10763183,34.5397875,2011,"['Comedy', 'Drama', 'Family']",0,0,0,0,0,0,0,0,0,0,1,0,0,0,0,0,0,1,0,0,1
93,Abraham Lincoln: Vampire Hunter,105.0,"Action,Fantasy,Horror",5.9,Timur Bekmambetov,Tim Burton,Caleb Deschanel,Seth Grahame-Smith,67500000,37519139,99970591,137489730,103.68848888888888,2012,"['Action', 'Fantasy', 'Horror']",0,0,0,1,1,0,0,0,0,0,0,1,0,0,0,0,0,0,0,0,0
94,J. Edgar,137.0,"Biography,Crime,Drama",6.6,Clint Eastwood,Robert Lorenz,Tom Stern,Dustin Lance Black,35000000,37306030,47300000,84606030,141.7315142857143,2011,"['Biography', 'Crime', 'Drama']",1,0,0,0,0,0,0,0,0,0,1,0,1,0,0,0,0,0,0,0,0
95,Blackthorn,102.0,"Action,Adventure,Western",6.6,Mateo Gil,Ibon Cormenzana,Juan Ruiz Anchía,Miguel Barros,4500000,200558,1016749,1217307,-72.94873333333334,2011,"['Action', 'Adventure', 'Western']",0,0,0,0,1,1,0,0,1,0,0,0,0,0,0,0,0,0,0,0,0
96,Enter Nowhere,90.0,"Mystery,Sci-Fi,Thriller",6.6,Jack Heller,Dallas Sonnier,Tom Harting,Shawn Christensen,500000,0,0,0,-100.0,2012,"['Mystery', 'Sci-Fi', 'Thriller']",0,0,1,0,0,0,1,0,0,1,0,0,0,0,0,0,0,0,0,0,0
97,Project X,88.0,Comedy,6.7,Nima Nourizadeh,Todd Phillips,Ken Seng,Michael Bacall,12000000,54731865,48296323,103028188,758.5682333333334,2012,['Comedy'],0,0,0,0,0,0,0,0,0,0,0,0,0,0,0,0,0,0,0,0,1
98,Inside Out,93.0,"Crime,Drama",4.6,Artie Mandelberg,Michael Pavone,Kenneth Zunder,Dylan Schaffer,175000000,356461711,497774281,854235992,388.1348525714286,2015,"['Crime', 'Drama']",1,0,0,0,0,0,0,0,0,0,1,0,0,0,0,0,0,0,0,0,0
99,Inside Job,109.0,"Crime,Documentary",8.3,Charles Ferguson,Audrey Marrs,Svetlana Cvetko,Chad Beck,2000000,4311834,3487423,7799257,289.96285,2010,"['Crime', 'Documentary']",1,0,0,0,0,0,0,0,0,0,0,0,0,0,0,0,0,0,1,0,0
100,How to Train Your Dragon 2,102.0,"Action,Adventure,Animation",7.8,Dean DeBlois,Bonnie Arnold,Gil Zimmerman,Cressida Cowell,145000000,177002924,437583346,614586270,323.8526,2014,"['Action', 'Adventure', 'Animation']",0,0,0,0,1,0,0,0,1,0,0,0,0,0,0,0,1,0,0,0,0
101,Here Comes the Boom,105.0,"Action,Comedy,Sport",6.4,Frank Coraci,Todd Garner,Phil Meheux,Allan Loeb,42000000,45290318,27948940,73239258,74.37918571428571,2012,"['Action', 'Comedy', 'Sport']",0,0,0,0,1,0,0,0,0,0,0,0,0,1,0,0,0,0,0,0,1
102,Wanderlust,98.0,"Comedy,Romance",5.6,David Wain,Judd Apatow,Michael Bonvillain,Ken Marino,32500000,17288155,6871779,24159934,-25.66174153846154,2012,"['Comedy', 'Romance']",0,1,0,0,0,0,0,0,0,0,0,0,0,0,0,0,0,0,0,0,1
103,Polisse,127.0,"Crime,Drama",7.3,Maïwenn,Alain Attal,Pierre Aïm,Emmanuelle Bercot,8900000,176988,22567144,22744132,155.55204494382022,2012,"['Crime', 'Drama']",1,0,0,0,0,0,0,0,0,0,1,0,0,0,0,0,0,0,0,0,0
104,Christmas Mail,89.0,"Comedy,Drama,Family",5.8,John Murlowski,Tom Shell,Justin Duval,Steven Palmer Peterson,2500000,0,0,0,-100.0,2010,"['Comedy', 'Drama', 'Family']",0,0,0,0,0,0,0,0,0,0,1,0,0,0,0,0,0,1,0,0,1
105,Elle s'appelait Sarah,111.0,"Drama,War",7.5,Gilles Paquet-Brenner,Stéphane Marsil,Pascal Ridao,Tatiana De Rosnay,14500000,7691700,17788331,25480031,75.72435172413793,2011,"['Drama', 'War']",0,0,0,0,0,0,0,0,0,0,1,0,0,0,0,1,0,0,0,0,0
106,Entourage,104.0,Comedy,6.6,Doug Ellin,Stephen Levinson,Steven Fierberg,Rob Weiss,30000000,32363404,14075134,46438538,54.79512666666667,2015,['Comedy'],0,0,0,0,0,0,0,0,0,0,0,0,0,0,0,0,0,0,0,0,1
107,My Last Day Without You,90.0,"Comedy,Drama,Romance",5.7,Stefan C. Schaefer,Diane Crespo,Dan Hersey,Chris Silber,1000000,0,0,0,-100.0,2013,"['Comedy', 'Drama', 'Romance']",0,1,0,0,0,0,0,0,0,0,1,0,0,0,0,0,0,0,0,0,1
108,High Road,87.0,Comedy,5.4,Matt Walsh,Kirk Roos,Hillary Spera,Josh Weiner,546173,0,0,0,-100.0,2012,['Comedy'],0,0,0,0,0,0,0,0,0,0,0,0,0,0,0,0,0,0,0,0,1
109,Carnage,80.0,"Comedy,Drama",7.2,Roman Polanski,Saïd Ben Saïd,Pawel Edelman,Yasmina Reza,25000000,2546747,35565407,38112154,52.448616,2011,"['Comedy', 'Drama']",0,0,0,0,0,0,0,0,0,0,1,0,0,0,0,0,0,0,0,0,1
110,Genius,104.0,"Biography,Drama",6.6,Michael Grandage,James Bierman,Ben Davis,John Logan,17000000,1361045,5904238,7265283,-57.26304117647059,2016,"['Biography', 'Drama']",0,0,0,0,0,0,0,0,0,0,1,0,1,0,0,0,0,0,0,0,0
111,Chronicle,84.0,"Drama,Sci-Fi,Thriller",7.1,Josh Trank,John Davis,Matthew Jensen,Max Landis,12000000,64575175,59106615,123681790,930.6815833333334,2012,"['Drama', 'Sci-Fi', 'Thriller']",0,0,0,0,0,0,1,0,0,1,1,0,0,0,0,0,0,0,0,0,0
112,Killer Joe,102.0,"Crime,Drama,Thriller",6.7,William Friedkin,Nicolas Chartier,Caleb Deschanel,Tracy Letts,10000000,1291645,3367465,4659110,-53.4089,2012,"['Crime', 'Drama', 'Thriller']",1,0,0,0,0,0,0,0,0,1,1,0,0,0,0,0,0,0,0,0,0
113,Darling Companion,103.0,"Comedy,Drama,Romance",5.1,Lawrence Kasdan,Elizabeth Redleaf,Michael McDonough,Meg Kasdan,12000000,793352,406994,1200346,-89.99711666666667,2012,"['Comedy', 'Drama', 'Romance']",0,1,0,0,0,0,0,0,0,0,1,0,0,0,0,0,0,0,0,0,1
114,I Don't Know How She Does It,89.0,"Comedy,Romance",4.9,Douglas McGrath,Donna Gigliotti,Stuart Dryburgh,Aline Brosh McKenna,24000000,9659074,14815389,24474463,1.9769291666666668,2011,"['Comedy', 'Romance']",0,1,0,0,0,0,0,0,0,0,0,0,0,0,0,0,0,0,0,0,1
115,August,99.0,"Drama,Romance",5.9,Eldar Rapaport,Alexander Brodzki,James Adolphus,Brian Sloan,3400000,12636,0,12636,-99.62835294117647,2008,"['Drama', 'Romance']",0,1,0,0,0,0,0,0,0,0,1,0,0,0,0,0,0,0,0,0,0
116,Like Crazy,86.0,"Drama,Romance",6.7,Drake Doremus,Jonathan Schwartz,John Guleserian,Ben York Jones,250000,3395391,333009,3728400,1391.3600000000001,2011,"['Drama', 'Romance']",0,1,0,0,0,0,0,0,0,0,1,0,0,0,0,0,0,0,0,0,0
117,Elysium,,Drama,6.0,Brandon Young,Gregory Andersen,David M. Clark,Danny Chadwick,120000000,93050117,193141974,286192091,138.49340916666665,2013,['Drama'],0,0,0,0,0,0,0,0,0,0,1,0,0,0,0,0,0,0,0,0,0
118,Kill List,95.0,"Crime,Drama,Horror",6.4,Ben Wheatley,Claire Jones,Laurie Rose,Amy Jump,800000,29063,433143,462206,-42.224250000000005,2012,"['Crime', 'Drama', 'Horror']",1,0,0,1,0,0,0,0,0,0,1,0,0,0,0,0,0,0,0,0,0
119,Zero Dark Thirty,157.0,"Drama,Thriller",7.4,Kathryn Bigelow,Megan Ellison,Greig Fraser,Mark Boal,52500000,95720716,38891719,134612435,156.4046380952381,2012,"['Drama', 'Thriller']",0,0,0,0,0,0,0,0,0,1,1,0,0,0,0,0,0,0,0,0,0
120,Inherent Vice,148.0,"Comedy,Crime,Drama",6.7,Paul Thomas Anderson,JoAnne Sellar,Robert Elswit,Thomas Pynchon,20000000,8110975,6661371,14772346,-26.138270000000002,2014,"['Comedy', 'Crime', 'Drama']",1,0,0,0,0,0,0,0,0,0,1,0,0,0,0,0,0,0,0,0,1
121,This Is Martin Bonner,83.0,Drama,6.6,Chad Hartigan,Cherie Saulter,Sean McElwee,Tara Everhart,42000,0,0,0,-100.0,2013,['Drama'],0,0,0,0,0,0,0,0,0,0,1,0,0,0,0,0,0,0,0,0,0
122,After,90.0,"Drama,Fantasy,Mystery",5.5,Ryan Smith,Brandon Gregory,Blake McClure,Jason Parish,650000,0,0,0,-100.0,2012,"['Drama', 'Fantasy', 'Mystery']",0,0,1,0,0,0,0,0,0,0,1,1,0,0,0,0,0,0,0,0,0
123,Freaks of Nature,92.0,"Comedy,Horror,Sci-Fi",5.9,Robbie Pickering,Matt Tolmach,Uta Briesewitz,Oren Uziel,33000000,70958,0,70958,-99.78497575757575,2015,"['Comedy', 'Horror', 'Sci-Fi']",0,0,0,1,0,0,1,0,0,0,0,0,0,0,0,0,0,0,0,0,1
124,Nebraska,115.0,"Adventure,Comedy,Drama",7.7,Alexander Payne,Albert Berger,Phedon Papamichael,Bob Nelson,12000000,17654912,7106448,24761360,106.34466666666667,2013,"['Adventure', 'Comedy', 'Drama']",0,0,0,0,0,0,0,0,1,0,1,0,0,0,0,0,0,0,0,0,1
125,Chappie,120.0,"Action,Crime,Drama",6.8,Neill Blomkamp,Simon Kinberg,Trent Opaloch,Terri Tatchell,49000000,31569268,73432788,105002056,114.28991020408164,2015,"['Action', 'Crime', 'Drama']",1,0,0,0,1,0,0,0,0,0,1,0,0,0,0,0,0,0,0,0,0
126,Hostel,111.0,"Action,Crime,Drama",5.1,Manish Gupta,Gurpal Sachar,Srikanth Naroj,Virag Mishra,4800000,47326473,34914637,82241110,1613.3564583333332,2006,"['Action', 'Crime', 'Drama']",1,0,0,0,1,0,0,0,0,0,1,0,0,0,0,0,0,0,0,0,0
127,The Gambler,105.0,Drama,7.0,Szabolcs Hajdu,Andrea Taschler,András Nagy,Fyodor Dostoevsky,25000000,33680992,5037039,38718031,54.872124,2014,['Drama'],0,0,0,0,0,0,0,0,0,0,1,0,0,0,0,0,0,0,0,0,0
128,Wanted,160.0,"Action,Drama",4.5,B.V.S. Ravi,Venigalla Anand Prasad,Rasool Ellore,Saikrishna,75000000,134508551,207907909,342416460,356.55528,2008,"['Action', 'Drama']",0,0,0,0,1,0,0,0,0,0,1,0,0,0,0,0,0,0,0,0,0
129,Truth or Dare,96.0,"Horror,Mystery",5.6,Robert Heath,Rupert Jermyn,James Friend,Matthew McGuchan,3500000,41411015,53716329,95127344,2617.9241142857145,2018,"['Horror', 'Mystery']",0,0,1,1,0,0,0,0,0,0,0,0,0,0,0,0,0,0,0,0,0
130,The Face of Love,92.0,"Drama,Mystery,Romance",6.2,Arie Posin,Bonnie Curtis,Antonio Riestra,Matthew McDuffie,4000000,385069,773808,1158877,-71.028075,2014,"['Drama', 'Mystery', 'Romance']",0,1,1,0,0,0,0,0,0,0,1,0,0,0,0,0,0,0,0,0,0
131,Sisters,118.0,Comedy,6.0,Jason Moore,Jay Roach,Barry Peterson,Paula Pell,30000000,87044645,18986015,106030660,253.43553333333335,2015,['Comedy'],0,0,0,0,0,0,0,0,0,0,0,0,0,0,0,0,0,0,0,0,1
132,Turbo,96.0,"Adventure,Animation,Comedy",6.4,David Soren,Lisa Stewart,Chris Stover,Darren Lemke,135000000,83028130,203868448,286896578,112.51598370370371,2013,"['Adventure', 'Animation', 'Comedy']",0,0,0,0,0,0,0,0,1,0,0,0,0,0,0,0,1,0,0,0,1
133,Detention of the Dead,87.0,"Action,Adventure,Comedy",4.6,Alex Craig Mann,Brooke Anderson,Noah Rosenthal,Rob Rinow,500000,1778,0,1778,-99.6444,2013,"['Action', 'Adventure', 'Comedy']",0,0,0,0,1,0,0,0,1,0,0,0,0,0,0,0,0,0,0,0,1
134,The Sessions,95.0,"Biography,Comedy,Drama",7.2,Ben Lewin,Stephen Nemeth,Geoffrey Simpson,Mark O'Brien,1000000,6002451,5492753,11495204,1049.5203999999999,2012,"['Biography', 'Comedy', 'Drama']",0,0,0,0,0,0,0,0,0,0,1,0,1,0,0,0,0,0,0,0,1
135,Won't Back Down,121.0,Drama,6.4,Daniel Barnz,Mark Johnson,Roman Osin,Brin Hill,19000000,5310554,434949,5745503,-69.76051052631578,2012,['Drama'],0,0,0,0,0,0,0,0,0,0,1,0,0,0,0,0,0,0,0,0,0
136,Miss Bala,113.0,"Crime,Drama,Thriller",6.5,Gerardo Naranjo,Pablo Cruz,Mátyás Erdély,Mauricio Katz,15000000,14998027,364271,15362298,2.41532,2019,"['Crime', 'Drama', 'Thriller']",1,0,0,0,0,0,0,0,0,1,1,0,0,0,0,0,0,0,0,0,0
137,Sinister,110.0,"Horror,Mystery,Thriller",6.8,Scott Derrickson,Jason Blum,Christopher Norr,C. Robert Cargill,3000000,48086903,39640904,87727807,2824.2602333333334,2012,"['Horror', 'Mystery', 'Thriller']",0,0,1,1,0,0,0,0,0,1,0,0,0,0,0,0,0,0,0,0,0
138,Venom,92.0,Thriller,3.0,Gary Breslin,Wolf Schmidt,Polly Morgan,Joan Canning Boris,116000000,213511408,640117197,853628605,635.8867284482758,2018,['Thriller'],0,0,0,0,0,0,0,0,0,1,0,0,0,0,0,0,0,0,0,0,0
139,Morgan,89.0,"Drama,Romance",6.8,Michael D. Akers,Israel Ehrisman,Chris Brown,Sandon Berg,8000000,3915251,3383535,7298786,-8.765175,2016,"['Drama', 'Romance']",0,1,0,0,0,0,0,0,0,0,1,0,0,0,0,0,0,0,0,0,0
140,Drunk Wedding,81.0,Comedy,4.6,Nick Weiss,Couper Samuelson,Frederick Schroeder,Anthony Weiss,600000,3301,0,3301,-99.44983333333333,2015,['Comedy'],0,0,0,0,0,0,0,0,0,0,0,0,0,0,0,0,0,0,0,0,1
141,Tomorrowland,130.0,"Action,Adventure,Family",6.4,Brad Bird,Jeffrey Chernov,Claudio Miranda,Damon Lindelof,170000000,93436322,113191196,206627518,21.54559882352941,2015,"['Action', 'Adventure', 'Family']",0,0,0,0,1,0,0,0,1,0,0,0,0,0,0,0,0,1,0,0,0
142,Tag,91.0,Drama,4.6,Danny Roth,Randy Wayne,Joseph White,Ethan Banville,28000000,54730625,22295561,77026186,175.09352142857142,2018,['Drama'],0,0,0,0,0,0,0,0,0,0,1,0,0,0,0,0,0,0,0,0,0
143,Victor Frankenstein,110.0,"Drama,Horror,Sci-Fi",6.0,Paul McGuigan,John Davis,Fabian Wagner,Mary Shelley,40000000,5775076,25349291,31124367,-22.1890825,2015,"['Drama', 'Horror', 'Sci-Fi']",0,0,0,1,0,0,1,0,0,0,1,0,0,0,0,0,0,0,0,0,0
144,The Cottage,88.0,"Drama,Horror,Thriller",4.8,Chris Jaymes,Bettina Tendler O'Mara,Zoltan Honti,Nick Antosca,5000000,0,1504960,1504960,-69.90079999999999,2008,"['Drama', 'Horror', 'Thriller']",0,0,0,1,0,0,0,0,0,1,1,0,0,0,0,0,0,0,0,0,0
145,Geostorm,109.0,"Action,Sci-Fi,Thriller",5.3,Dean Devlin,David Ellison,Roberto Schaefer,Paul Guyot,100000000,33700160,187095849,220796009,120.796009,2017,"['Action', 'Sci-Fi', 'Thriller']",0,0,0,0,1,0,1,0,0,1,0,0,0,0,0,0,0,0,0,0,0
146,No Good Deed,84.0,"Action,Crime,Drama",5.6,Sam Miller,Will Packer,Michael Barrett,Aimee Lagos,13200000,52543632,1779578,54323210,311.53946969696966,2014,"['Action', 'Crime', 'Drama']",1,0,0,0,1,0,0,0,0,0,1,0,0,0,0,0,0,0,0,0,0
147,Mama,100.0,"Horror,Thriller",6.2,Andy Muschietti,J. Miles Dale,Antonio Riestra,Barbara Muschietti,15000000,71628180,76467386,148095566,887.3037733333333,2013,"['Horror', 'Thriller']",0,0,0,1,0,0,0,0,0,1,0,0,0,0,0,0,0,0,0,0,0
148,Straight A's,91.0,"Comedy,Drama",5.7,James Cox,Holly Wiersma,Shawn Kim,Dave Cole,2000000,0,0,0,-100.0,2013,"['Comedy', 'Drama']",0,0,0,0,0,0,0,0,0,0,1,0,0,0,0,0,0,0,0,0,1
149,USS Indianapolis: Men of Courage,128.0,"Action,Drama,History",5.2,Mario Van Peebles,Michael Mendelsohn,Andrzej Sekula,Cam Cannon,40000000,0,1663785,1663785,-95.8405375,2016,"['Action', 'Drama', 'History']",0,0,0,0,1,0,0,1,0,0,1,0,0,0,0,0,0,0,0,0,0
150,"Pink Ribbons, Inc.",97.0,Documentary,7.3,Léa Pool,Ravida Din,Nathalie Moliavko-Visotzky,Patricia Kearns,1200000,26608,0,26608,-97.78266666666666,2012,['Documentary'],0,0,0,0,0,0,0,0,0,0,0,0,0,0,0,0,0,0,1,0,0
151,AWOL-72,82.0,"Action,Thriller",3.8,Christian Sesma,Malik Barnhardt,Germano Saracco,Cecil Chambers,3000000,0,0,0,-100.0,2015,"['Action', 'Thriller']",0,0,0,0,1,0,0,0,0,1,0,0,0,0,0,0,0,0,0,0,0
152,Stranded,88.0,"Drama,Thriller",4.8,Daniel Petrie Jr.,Rick Dugdale,Edd Lukas,Rachel Long,1900000,0,285593,285593,-84.96878947368421,2013,"['Drama', 'Thriller']",0,0,0,0,0,0,0,0,0,1,1,0,0,0,0,0,0,0,0,0,0
153,Trouble with the Curve,111.0,"Drama,Sport",6.8,Robert Lorenz,Michele Weisler,Tom Stern,Randy Brown,60000000,35763137,12055776,47818913,-20.301811666666666,2012,"['Drama', 'Sport']",0,0,0,0,0,0,0,0,0,0,1,0,0,1,0,0,0,0,0,0,0
154,Down and Dangerous,95.0,"Crime,Thriller",5.2,Zak Forsman,Kevin K. Shah,Sam Krueger,Julie Keck,50000,0,0,0,-100.0,2014,"['Crime', 'Thriller']",1,0,0,0,0,0,0,0,0,1,0,0,0,0,0,0,0,0,0,0,0
155,Promised Land,106.0,Drama,6.6,Gus Van Sant,Chris Moore,Linus Sandgren,Dave Eggers,15000000,7597898,4796664,12394562,-17.369586666666667,2013,['Drama'],0,0,0,0,0,0,0,0,0,0,1,0,0,0,0,0,0,0,0,0,0
156,Grace of Monaco,103.0,"Biography,Drama,Romance",5.7,Olivier Dahan,Pierre-Ange Le Pogam,Eric Gautier,Arash Amel,30000000,0,25199891,25199891,-16.000363333333333,2015,"['Biography', 'Drama', 'Romance']",0,1,0,0,0,0,0,0,0,0,1,0,1,0,0,0,0,0,0,0,0
157,Dead Man Down,118.0,"Action,Crime,Drama",6.5,Niels Arden Oplev,Neal H. Moritz,Paul Cameron,J.H. Wyman,30000000,10895295,8704679,19599974,-34.66675333333333,2013,"['Action', 'Crime', 'Drama']",1,0,0,0,1,0,0,0,0,0,1,0,0,0,0,0,0,0,0,0,0
158,Into the Storm,89.0,"Action,Adventure,Drama",5.8,Steven Quale,Todd Garner,Brian Pearson,John Swetnam,50000000,47602194,102827177,150429371,200.858742,2014,"['Action', 'Adventure', 'Drama']",0,0,0,0,1,0,0,0,1,0,1,0,0,0,0,0,0,0,0,0,0
159,Jagten,115.0,Drama,8.3,Thomas Vinterberg,Sisse Graum Jørgensen,Charlotte Bruus Christensen,Tobias Lindholm,3450000,687185,17622608,18309793,430.7186376811594,2013,['Drama'],0,0,0,0,0,0,0,0,0,0,1,0,0,0,0,0,0,0,0,0,0
160,Home Again,104.0,Drama,6.6,Sudz Sutherland,Don Carmody,Arthur E. Cooper,Jennifer Holness,15000000,27020284,10316590,37336874,148.91249333333334,2017,['Drama'],0,0,0,0,0,0,0,0,0,0,1,0,0,0,0,0,0,0,0,0,0
161,Second Act,103.0,"Comedy,Drama,Romance",5.8,Peter Segal,Benny Medina,Ueli Steiger,Justin Zackham,15700000,39282227,24006627,63288854,303.11371974522297,2018,"['Comedy', 'Drama', 'Romance']",0,1,0,0,0,0,0,0,0,0,1,0,0,0,0,0,0,0,0,0,1
162,The Mule,103.0,"Comedy,Crime,Drama",6.3,Tony Mahony,Jane Liscombe,Stefan Duscio,Jaime Browne,50000000,103804407,67053269,170857676,241.715352,2018,"['Comedy', 'Crime', 'Drama']",1,0,0,0,0,0,0,0,0,0,1,0,0,0,0,0,0,0,0,0,1
163,The Accountant,128.0,"Action,Crime,Drama",7.3,Gavin O'Connor,Lynette Howell Taylor,Seamus McGarvey,Bill Dubuque,40000000,86260045,66702038,152962083,282.4052075,2016,"['Action', 'Crime', 'Drama']",1,0,0,0,1,0,0,0,0,0,1,0,0,0,0,0,0,0,0,0,0
164,Food Chains,83.0,Documentary,7.2,Sanjay Rawal,Smriti Keshari,Forest Woodward,Erin Barnett,913000,0,176,176,-99.98072289156626,2014,['Documentary'],0,0,0,0,0,0,0,0,0,0,0,0,0,0,0,0,0,0,1,0,0
165,Fear Clinic,95.0,Horror,5.0,Robert Hall,Mark Benton Johnson,Joseph White,Aaron Drane,1000000,0,0,0,-100.0,2015,['Horror'],0,0,0,1,0,0,0,0,0,0,0,0,0,0,0,0,0,0,0,0,0
166,Khiladi 786,141.0,"Action,Comedy",4.4,Ashish R. Mohan,Sunil Lulla,Attar Singh Saini,Kushal Ved Bakshi,5600000,385422,14298341,14683763,162.21005357142857,2012,"['Action', 'Comedy']",0,0,0,0,1,0,0,0,0,0,0,0,0,0,0,0,0,0,0,0,1
167,Metallica Through the Never,93.0,Music,7.2,Nimród Antal,Charlotte Huggins,Gyula Pados,Robert Trujillo,18000000,3419967,5662939,9082906,-49.53941111111111,2013,['Music'],0,0,0,0,0,0,0,0,0,0,0,0,0,0,1,0,0,0,0,0,0
168,Yeh Jawaani Hai Deewani,160.0,"Comedy,Drama,Musical",7.1,Ayan Mukherjee,Hiroo Johar,Manikandan,Hussain Dalal,8300000,3827466,47000000,50827466,512.3791084337349,2013,"['Comedy', 'Drama', 'Musical']",0,0,0,0,0,0,0,0,0,0,1,0,0,0,0,0,0,0,0,1,1
169,Into the Woods,125.0,"Adventure,Comedy,Drama",6.0,Rob Marshall,Marc Platt,Dion Beebe,James Lapine,56200000,128002372,85114029,213116401,279.21067793594307,2014,"['Adventure', 'Comedy', 'Drama']",0,0,0,0,0,0,0,0,1,0,1,0,0,0,0,0,0,0,0,0,1
170,Crawl,95.0,Drama,6.0,Hervé Lasgouttes,Antonin Dedet,Emmanuelle Le Fur,Loïc Delafoulhouse,17000000,0,0,0,-100.0,2019,['Drama'],0,0,0,0,0,0,0,0,0,0,1,0,0,0,0,0,0,0,0,0,0
171,Earth to Echo,91.0,"Adventure,Family,Sci-Fi",5.8,Dave Green,Ryan Kavanaugh,Maxime Alexandre,Henry Gayden,13000000,38934842,3239703,42174545,224.41957692307693,2014,"['Adventure', 'Family', 'Sci-Fi']",0,0,0,0,0,0,1,0,1,0,0,0,0,0,0,0,0,1,0,0,0
172,Grown Ups 2,101.0,Comedy,5.4,Dennis Dugan,Jack Giarraputo,Theo van de Sande,Fred Wolf,80000000,133668525,113355283,247023808,208.77976,2013,['Comedy'],0,0,0,0,0,0,0,0,0,0,0,0,0,0,0,0,0,0,0,0,1
173,The Other Woman,109.0,"Comedy,Romance",6.0,Nick Cassavetes,Julie Yorn,Robert Fraisse,Melissa Stack,40000000,83911193,111200000,195111193,387.7779825,2014,"['Comedy', 'Romance']",0,1,0,0,0,0,0,0,0,0,0,0,0,0,0,0,0,0,0,0,1
174,Before Midnight,109.0,"Drama,Romance",7.9,Richard Linklater,Christos V. Konstantakopoulos,Christos Voudouris,Kim Krizan,3000000,8110621,15141309,23251930,675.0643333333334,2013,"['Drama', 'Romance']",0,1,0,0,0,0,0,0,0,0,1,0,0,0,0,0,0,0,0,0,0
175,Wild Card,92.0,"Action,Crime,Drama",5.6,Simon West,Steven Chasman,Shelly Johnson,William Goldman,30000000,3200,4312589,4315789,-85.61403666666666,2015,"['Action', 'Crime', 'Drama']",1,0,0,0,1,0,0,0,0,0,1,0,0,0,0,0,0,0,0,0,0
176,Kin,45.0,"Drama,Music",8.6,Rachel Lambert,Denis Deck,Joe Wehner,Nathan Gregorski,30000000,5718096,4378725,10096821,-66.34393,2018,"['Drama', 'Music']",0,0,0,0,0,0,0,0,0,0,1,0,0,0,1,0,0,0,0,0,0
177,Valerian and the City of a Thousand Planets,137.0,"Action,Adventure,Fantasy",6.5,Luc Besson,Virginie Besson-Silla,Thierry Arbogast,Pierre Christin,180000000,40479370,174618986,215098356,19.499086666666667,2017,"['Action', 'Adventure', 'Fantasy']",0,0,0,0,1,0,0,0,1,0,0,1,0,0,0,0,0,0,0,0,0
178,Zulu,110.0,"Crime,Drama,Thriller",6.7,Jérôme Salle,Richard Grandpierre,Denis Rouden,Caryl Ferey,16000000,0,1844228,1844228,-88.47357500000001,2013,"['Crime', 'Drama', 'Thriller']",1,0,0,0,0,0,0,0,0,1,1,0,0,0,0,0,0,0,0,0,0
179,Rush,110.0,"Crime,Thriller",3.8,Shamin Desai,Mohammed Fasih,Shiraz Bhattacharya,Sanjay Masoomm,38000000,26947624,71283215,98230839,158.50220789473684,2013,"['Crime', 'Thriller']",1,0,0,0,0,0,0,0,0,1,0,0,0,0,0,0,0,0,0,0,0
180,Magic Mike XXL,115.0,"Comedy,Drama,Music",5.6,Gregory Jacobs,Nick Wechsler,Steven Soderbergh,Reid Carolin,14500000,66013057,57647540,123660597,752.8317034482758,2015,"['Comedy', 'Drama', 'Music']",0,0,0,0,0,0,0,0,0,0,1,0,0,0,1,0,0,0,0,0,1
181,El rey de Najayo,101.0,"Crime,Drama",6.9,Fernando Baez Mella,Michael Toribio,Peyi Guzmán,Franklin Soto,500000,0,0,0,-100.0,2012,"['Crime', 'Drama']",1,0,0,0,0,0,0,0,0,0,1,0,0,0,0,0,0,0,0,0,0
182,Silence,87.0,Drama,6.7,Pat Collins,Tina Moran,Richard Kendrick,Eoghan Mac Giolla Bhríde,46500000,7100177,16626449,23726626,-48.97499784946236,2016,['Drama'],0,0,0,0,0,0,0,0,0,0,1,0,0,0,0,0,0,0,0,0,0
183,Love the Coopers,107.0,"Comedy,Fantasy,Romance",5.8,Jessie Nelson,Michael London,Elliot Davis,Steven Rogers,18000000,26302731,15924759,42227490,134.59716666666665,2015,"['Comedy', 'Fantasy', 'Romance']",0,1,0,0,0,0,0,0,0,0,0,1,0,0,0,0,0,0,0,0,1
184,The Canyons,99.0,"Drama,Thriller",3.8,Paul Schrader,Braxton Pope,John DeFazio,Bret Easton Ellis,250000,59671,2704,62375,-75.05,2013,"['Drama', 'Thriller']",0,0,0,0,0,0,0,0,0,1,1,0,0,0,0,0,0,0,0,0,0
185,Falcon Rising,103.0,"Action,Adventure",5.8,Ernie Barbarash,Ernst Etchie Stroh,Yaron Levy,Y.T. Parazi,4500000,11774,0,11774,-99.73835555555556,2014,"['Action', 'Adventure']",0,0,0,0,1,0,0,0,1,0,0,0,0,0,0,0,0,0,0,0,0
186,23 Blast,98.0,"Drama,Family,Sport",6.5,Dylan Baker,Gary Donatelli,Jay Silver,Toni Hoover,1000000,549185,0,549185,-45.081500000000005,2014,"['Drama', 'Family', 'Sport']",0,0,0,0,0,0,0,0,0,0,1,0,0,1,0,0,0,1,0,0,0
187,Mandela: Long Walk to Freedom,141.0,"Biography,Drama,History",7.1,Justin Chadwick,Anant Singh,Lol Crawley,William Nicholson,35000000,8323085,21567317,29890402,-14.59885142857143,2013,"['Biography', 'Drama', 'History']",0,0,0,0,0,0,0,1,0,0,1,0,1,0,0,0,0,0,0,0,0
188,Wild,115.0,"Adventure,Biography,Drama",7.1,Jean-Marc Vallée,Bill Pohlad,Yves Bélanger,Nick Hornby,15000000,37880356,14580187,52460543,249.73695333333333,2014,"['Adventure', 'Biography', 'Drama']",0,0,0,0,0,0,0,0,1,0,1,0,1,0,0,0,0,0,0,0,0
189,The Rover,103.0,"Action,Crime,Drama",6.4,David Michôd,Liz Watts,Natasha Braier,Joel Edgerton,8500000,1109199,2071053,3180252,-62.585270588235296,2014,"['Action', 'Crime', 'Drama']",1,0,0,0,1,0,0,0,0,0,1,0,0,0,0,0,0,0,0,0,0
190,Jobs,128.0,"Biography,Drama",5.9,Joshua Michael Stern,Mark Hulme,Russell Carpenter,Matt Whiteley,18000000,16131410,27271105,43402515,141.12508333333332,2013,"['Biography', 'Drama']",0,0,0,0,0,0,0,0,0,0,1,0,1,0,0,0,0,0,0,0,0
191,La grande bellezza,141.0,Drama,7.8,Paolo Sorrentino,Francesca Cima,Luca Bigazzi,Umberto Contarello,12000000,2883879,26665266,29549145,146.242875,2013,['Drama'],0,0,0,0,0,0,0,0,0,0,1,0,0,0,0,0,0,0,0,0,0
192,Robin Hood,92.0,"Action,Drama",6.3,Martin Schreier,Simon J. Buchner,Markus Nestroy,Florian Schumacher,210000000,105487148,216971858,322459006,53.551907619047626,2010,"['Action', 'Drama']",0,0,0,0,1,0,0,0,0,0,1,0,0,0,0,0,0,0,0,0,0
193,Dry Spell,90.0,"Comedy,Romance",3.3,Travis Legge,Richard Lackey,Drew Pientka,Kyle Hoskins,22000,0,0,0,-100.0,2014,"['Comedy', 'Romance']",0,1,0,0,0,0,0,0,0,0,0,0,0,0,0,0,0,0,0,0,1
194,Treachery,67.0,"Drama,Thriller",3.7,Travis Romero,Ryan Azevedo,Eric Curtis,Lorraine Ziff,625000,0,0,0,-100.0,2013,"['Drama', 'Thriller']",0,0,0,0,0,0,0,0,0,1,1,0,0,0,0,0,0,0,0,0,0
195,How to Train Your Dragon: The Hidden World,104.0,"Action,Adventure,Animation",7.6,Dean DeBlois,Bonnie Arnold,Gil Zimmerman,Cressida Cowell,129000000,160791800,358466483,519258283,302.52580077519383,2019,"['Action', 'Adventure', 'Animation']",0,0,0,0,1,0,0,0,1,0,0,0,0,0,0,0,1,0,0,0,0
196,Delivery Man,105.0,"Comedy,Drama",6.4,Ken Scott,André Rouleau,Eric Alan Edwards,Martin Petit,22000000,30659817,39877053,70536870,220.62213636363634,2013,"['Comedy', 'Drama']",0,0,0,0,0,0,0,0,0,0,1,0,0,0,0,0,0,0,0,0,1
197,Love in the Time of Monsters,97.0,"Comedy,Horror",5.5,Matt Jackson,Andy Gunn,Jorge L. Urbina,Michael Skvarla,500000,0,0,0,-100.0,2015,"['Comedy', 'Horror']",0,0,0,1,0,0,0,0,0,0,0,0,0,0,0,0,0,0,0,0,1
198,Gods of Egypt,127.0,"Action,Adventure,Fantasy",5.4,Alex Proyas,Basil Iwanyk,Peter Menzies Jr.,Matt Sazama,140000000,31153464,107683292,138836756,-0.8308885714285714,2016,"['Action', 'Adventure', 'Fantasy']",0,0,0,0,1,0,0,0,1,0,0,1,0,0,0,0,0,0,0,0,0
199,The Heat,117.0,"Action,Comedy,Crime",6.6,Paul Feig,Peter Chernin,Robert D. Yeoman,Katie Dippold,43000000,159581587,70146187,229727774,434.25063720930234,2013,"['Action', 'Comedy', 'Crime']",1,0,0,0,1,0,0,0,0,0,0,0,0,0,0,0,0,0,0,0,1
200,Abduction,84.0,"Horror,Thriller",5.2,Michael Atwill,Joe Gomes,Billy Chang,Shane Rodgers,35000000,28087155,58561204,86648359,147.56674,2011,"['Horror', 'Thriller']",0,0,0,1,0,0,0,0,0,1,0,0,0,0,0,0,0,0,0,0,0
201,And So It Goes,94.0,"Comedy,Drama,Romance",5.8,Rob Reiner,Alan Greisman,Reed Morano,Mark Andrus,18000000,15160801,2759212,17920013,-0.4443722222222222,2014,"['Comedy', 'Drama', 'Romance']",0,1,0,0,0,0,0,0,0,0,1,0,0,0,0,0,0,0,0,0,1
202,Paranormal Activity: The Marked Ones,84.0,"Horror,Mystery,Thriller",5.0,Christopher Landon,Jason Blum,Gonzalo Amat,Oren Peli,5000000,32462372,58442482,90904854,1718.09708,2014,"['Horror', 'Mystery', 'Thriller']",0,0,1,1,0,0,0,0,0,1,0,0,0,0,0,0,0,0,0,0,0
203,The Last Five Years,94.0,"Comedy,Drama,Musical",5.9,Richard LaGravenese,Lauren Versel,Steven Meizler,Jason Robert Brown,2000000,147299,57999,205298,-89.7351,2015,"['Comedy', 'Drama', 'Musical']",0,0,0,0,0,0,0,0,0,0,1,0,0,0,0,0,0,0,0,1,1
204,Nerve,86.0,"Drama,Mystery,Thriller",4.6,Sebastien Guy,Neal Kingston,James L. Brown,Sarah Smith,20000000,38583626,32068658,70652284,253.26142,2016,"['Drama', 'Mystery', 'Thriller']",0,0,1,0,0,0,0,0,0,1,1,0,0,0,0,0,0,0,0,0,0
205,Broken Horses,101.0,"Action,Crime,Drama",5.7,Vidhu Vinod Chopra,Subhash Dhar,Tom Stern,Abhijat Joshi,15000000,0,3471,3471,-99.97686,2015,"['Action', 'Crime', 'Drama']",1,0,0,0,1,0,0,0,0,0,1,0,0,0,0,0,0,0,0,0,0
206,Escobar: Paradise Lost,120.0,"Crime,Drama,History",6.5,Andrea Di Stefano,Dimitri Rassam,Luis David Sansans,Francesca Marciano,17000000,195792,3721887,3917679,-76.9548294117647,2015,"['Crime', 'Drama', 'History']",1,0,0,0,0,0,0,1,0,0,1,0,0,0,0,0,0,0,0,0,0
207,The Interview,80.0,"Horror,Mystery,Thriller",5.0,Carlos Nunez,Dustin Fairbanks,Denis Dufresne,Mike Muldoon,44000000,6105175,6237457,12342632,-71.94856363636364,2014,"['Horror', 'Mystery', 'Thriller']",0,0,1,1,0,0,0,0,0,1,0,0,0,0,0,0,0,0,0,0,0
208,The Light Between Oceans,133.0,"Drama,Romance",7.2,Derek Cianfrance,Jeffrey Clifford,Adam Arkapaw,M.L. Stedman,20000000,12545979,9735753,22281732,11.40866,2016,"['Drama', 'Romance']",0,1,0,0,0,0,0,0,0,0,1,0,0,0,0,0,0,0,0,0,0
209,The Queen,104.0,"Action,Drama,War",6.7,Mohammad Ali Bashe Ahangar,Abolghasem Hoseini,Ali Reza Zarrindast,Mohammad Reza Gohari,15000000,56441711,72444162,128885873,759.2391533333333,2006,"['Action', 'Drama', 'War']",0,0,0,0,1,0,0,0,0,0,1,0,0,0,0,1,0,0,0,0,0
210,The Second Best Exotic Marigold Hotel,122.0,"Comedy,Drama",6.6,John Madden,Graham Broadbent,Ben Smithard,Ol Parker,10000000,33078266,57306040,90384306,803.84306,2015,"['Comedy', 'Drama']",0,0,0,0,0,0,0,0,0,0,1,0,0,0,0,0,0,0,0,0,1
211,Going in Style,96.0,"Comedy,Crime",6.6,Zach Braff,Donald De Line,Rodney Charters,Theodore Melfi,24000000,45018541,33654038,78672579,227.8024125,2017,"['Comedy', 'Crime']",1,0,0,0,0,0,0,0,0,0,0,0,0,0,0,0,0,0,0,0,1
212,Girlhouse,99.0,"Horror,Thriller",5.5,Jon Knautz,Cory Neal,Christopher Norr,Nick Gordon,1500000,0,0,0,-100.0,2015,"['Horror', 'Thriller']",0,0,0,1,0,0,0,0,0,1,0,0,0,0,0,0,0,0,0,0,0
213,Hot Tub Time Machine 2,93.0,"Comedy,Mystery,Sci-Fi",5.1,Steve Pink,Andrew Panay,Declan Quinn,Josh Heald,14000000,12314651,511993,12826644,-8.381114285714286,2015,"['Comedy', 'Mystery', 'Sci-Fi']",0,0,1,0,0,0,1,0,0,0,0,0,0,0,0,0,0,0,0,0,1
214,Independence Daysaster,90.0,"Action,Adventure,Sci-Fi",3.4,W.D. Hogan,John Prince,Michael C. Blundell,Rudy Thauberger,1800000,0,0,0,-100.0,2013,"['Action', 'Adventure', 'Sci-Fi']",0,0,0,0,1,0,1,0,1,0,0,0,0,0,0,0,0,0,0,0,0
215,Miss Julie,129.0,"Drama,Romance",5.5,Liv Ullmann,Synnøve Hørsdal,Mikhail Krichman,August Strindberg,5500000,0,863895,863895,-84.29281818181819,2015,"['Drama', 'Romance']",0,1,0,0,0,0,0,0,0,0,1,0,0,0,0,0,0,0,0,0,0
216,Me Before You,106.0,"Drama,Romance",7.4,Thea Sharrock,Karen Rosenfelt,Remi Adefarasin,Jojo Moyes,20000000,56245075,152020123,208265198,941.32599,2016,"['Drama', 'Romance']",0,1,0,0,0,0,0,0,0,0,1,0,0,0,0,0,0,0,0,0,0
217,Above and Beyond,90.0,"Adventure,Documentary,History",7.7,Roberta Grossman,Sarah Forbes Campbell,Harris Done,Sophie Sartain,1300000,288751,0,288751,-77.78838461538462,2015,"['Adventure', 'Documentary', 'History']",0,0,0,0,0,0,0,1,1,0,0,0,0,0,0,0,0,0,1,0,0
218,Devil's Due,89.0,"Horror,Mystery,Thriller",4.1,Matt Bettinelli-Olpin,John Davis,Justin Martinez,Lindsay Devlin,7000000,15821461,20324626,36146087,416.37267142857144,2014,"['Horror', 'Mystery', 'Thriller']",0,0,1,1,0,0,0,0,0,1,0,0,0,0,0,0,0,0,0,0,0
219,Thank You for Your Service,109.0,"Biography,Drama,War",6.5,Jason Hall,Jon Kilik,Roman Vasyanov,David Finkel,20000000,9479390,505926,9985316,-50.07342,2017,"['Biography', 'Drama', 'War']",0,0,0,0,0,0,0,0,0,0,1,0,1,0,0,1,0,0,0,0,0
220,United Passions,110.0,"Drama,History,Sport",2.1,Frédéric Auburtin,Louisa Maurin,Inti Briones,Jean-Paul Delfino,30000000,918,167914,168832,-99.43722666666666,2015,"['Drama', 'History', 'Sport']",0,0,0,0,0,0,0,1,0,0,1,0,0,1,0,0,0,0,0,0,0
221,The Dressmaker,119.0,"Comedy,Drama",7.1,Jocelyn Moorhouse,Sue Maslin,Donald McAlpine,P.J. Hogan,11900000,2022115,22019502,24041617,102.03039495798319,2016,"['Comedy', 'Drama']",0,0,0,0,0,0,0,0,0,0,1,0,0,0,0,0,0,0,0,0,1
222,The Hatching,90.0,"Action,Adventure,Comedy",4.0,Michael Anderson,Chantelle De Carvalho,Gerry Vasbenter,Nick Squire,5000000,0,0,0,-100.0,2016,"['Action', 'Adventure', 'Comedy']",0,0,0,0,1,0,0,0,1,0,0,0,0,0,0,0,0,0,0,0,1
223,The Rise of the Krays,110.0,"Crime,Drama",5.0,Zackary Adler,Craig Tuohy,Luke Palmer,Ken Brown,2500000,0,0,0,-100.0,2016,"['Crime', 'Drama']",1,0,0,0,0,0,0,0,0,0,1,0,0,0,0,0,0,0,0,0,0
224,The Face of an Angel,101.0,"Crime,Drama",4.6,Michael Winterbottom,Melissa Parmenter,Hubert Taczanowski,Paul Viragh,26000000,0,0,0,-100.0,2015,"['Crime', 'Drama']",1,0,0,0,0,0,0,0,0,0,1,0,0,0,0,0,0,0,0,0,0
225,The Jungle Book,106.0,"Adventure,Drama,Family",7.4,Jon Favreau,Brigham Taylor,Bill Pope,Rudyard Kipling,175000000,364001123,598853424,962854547,450.2025982857143,2016,"['Adventure', 'Drama', 'Family']",0,0,0,0,0,0,0,0,1,0,1,0,0,0,0,0,0,1,0,0,0
226,Inferno,121.0,"Action,Adventure,Crime",6.2,Ron Howard,Brian Grazer,Salvatore Totino,David Koepp,75000000,34343574,185175793,219519367,192.69248933333333,2016,"['Action', 'Adventure', 'Crime']",1,0,0,0,1,0,0,0,1,0,0,0,0,0,0,0,0,0,0,0,0
227,Suffragette,106.0,"Biography,Drama,History",6.9,Sarah Gavron,Alison Owen,Eduard Grau,Abi Morgan,14000000,4702420,29342489,34044909,143.1779214285714,2015,"['Biography', 'Drama', 'History']",0,0,0,0,0,0,0,1,0,0,1,0,1,0,0,0,0,0,0,0,0
228,Eden,131.0,"Biography,Drama,Music",6.4,Mia Hansen-Løve,Charles Gillibert,Denis Lenoir,Sven Hansen-Løve,2300000,0,0,0,-100.0,2016,"['Biography', 'Drama', 'Music']",0,0,0,0,0,0,0,0,0,0,1,0,1,0,1,0,0,0,0,0,0
229,The Masked Saint,105.0,"Action,Biography,Crime",4.6,Warren P. Sonoda,Cliff McDowell,James Griffith,Scott Crowell,3500000,182695,0,182695,-94.78014285714286,2016,"['Action', 'Biography', 'Crime']",1,0,0,0,1,0,0,0,0,0,0,0,1,0,0,0,0,0,0,0,0
230,Da Sweet Blood of Jesus,123.0,"Comedy,Romance,Thriller",4.1,Spike Lee,Chiz Schultz,Daniel Patterson,Bill Gunn,1250000,0,0,0,-100.0,2015,"['Comedy', 'Romance', 'Thriller']",0,1,0,0,0,0,0,0,0,1,0,0,0,0,0,0,0,0,0,0,1
231,Light from the Darkroom,90.0,"Action,Drama,Thriller",6.1,Lance McDaniel,Nathan Gardocki,Alan Novey,Sean Lynch,600000,0,0,0,-100.0,2014,"['Action', 'Drama', 'Thriller']",0,0,0,0,1,0,0,0,0,1,1,0,0,0,0,0,0,0,0,0,0
232,Room,118.0,"Drama,Thriller",8.2,Lenny Abrahamson,Ed Guiney,Danny Cohen,Emma Donoghue,13000000,14677674,21585109,36262783,178.94448461538462,2015,"['Drama', 'Thriller']",0,0,0,0,0,0,0,0,0,1,1,0,0,0,0,0,0,0,0,0,0
233,Barbecue,98.0,Comedy,6.1,Eric Lavaine,François Cornuau,François Hernandez,Héctor Cabello Reyes,10000000,388,247177,247565,-97.52435,2014,['Comedy'],0,0,0,0,0,0,0,0,0,0,0,0,0,0,0,0,0,0,0,0,1
234,Annabelle,99.0,"Horror,Mystery,Thriller",5.4,John R. Leonetti,Peter Safran,James Kniest,Gary Dauberman,6500000,84273813,172589107,256862920,3851.7372307692303,2014,"['Horror', 'Mystery', 'Thriller']",0,0,1,1,0,0,0,0,0,1,0,0,0,0,0,0,0,0,0,0,0
235,Max,111.0,"Adventure,Drama,Family",6.8,Boaz Yakin,Karen Rosenfelt,Stefan Czapsky,Sheldon Lettich,20000000,42656255,1001902,43658157,118.29078500000001,2015,"['Adventure', 'Drama', 'Family']",0,0,0,0,0,0,0,0,1,0,1,0,0,0,0,0,0,1,0,0,0
236,A Monster Calls,108.0,"Animation,Drama,Fantasy",7.5,J.A. Bayona,Belén Atienza,Oscar Faura,Patrick Ness,43000000,3740823,42673707,46414530,7.940767441860465,2017,"['Animation', 'Drama', 'Fantasy']",0,0,0,0,0,0,0,0,0,0,1,1,0,0,0,0,1,0,0,0,0
237,Unforgettable,100.0,"Drama,Thriller",5.1,Denise Di Novi,Ravi D. Mehta,Caleb Deschanel,Christina Hodson,12000000,11368012,4853199,16221211,35.17675833333334,2017,"['Drama', 'Thriller']",0,0,0,0,0,0,0,0,0,1,1,0,0,0,0,0,0,0,0,0,0
238,The Lobster,119.0,"Comedy,Drama,Romance",7.1,Yorgos Lanthimos,Ed Guiney,Thimios Bakatakis,Efthymis Filippou,4500000,9196278,8823556,18019834,300.44075555555554,2016,"['Comedy', 'Drama', 'Romance']",0,1,0,0,0,0,0,0,0,0,1,0,0,0,0,0,0,0,0,0,1
239,Pound of Flesh,104.0,"Action,Thriller",5.2,Ernie Barbarash,Henry Luk,Cliff Hokanson,Joshua Todd James,7500000,0,0,0,-100.0,2015,"['Action', 'Thriller']",0,0,0,0,1,0,0,0,0,1,0,0,0,0,0,0,0,0,0,0,0
240,Close Range,80.0,"Action,Crime",5.0,Isaac Florentine,Ehud Bleiberg,Tal Lazar,Chad Law,3000000,0,0,0,-100.0,2015,"['Action', 'Crime']",1,0,0,0,1,0,0,0,0,0,0,0,0,0,0,0,0,0,0,0,0
241,The Veil,93.0,Horror,4.8,Phil Joanou,Jason Blum,Steeven Petitteville,Robert Ben Garant,4000000,0,0,0,-100.0,2015,['Horror'],0,0,0,1,0,0,0,0,0,0,0,0,0,0,0,0,0,0,0,0,0
242,UnDivided,66.0,Documentary,8.4,Sam Martin,Jeff Martin,Jim Standridge,Dan Merchant,250000,0,0,0,-100.0,2015,['Documentary'],0,0,0,0,0,0,0,0,0,0,0,0,0,0,0,0,0,0,1,0,0
243,Ricki and the Flash,101.0,"Comedy,Drama,Music",5.9,Jonathan Demme,Marc Platt,Declan Quinn,Diablo Cody,18000000,26839498,14326535,41166033,128.70018333333334,2015,"['Comedy', 'Drama', 'Music']",0,0,0,0,0,0,0,0,0,0,1,0,0,0,1,0,0,0,0,0,1
244,Mutant World,82.0,Sci-Fi,2.8,David Winning,Michael Frislev,Neil Cervin,Matthew Campagna,1500000,0,0,0,-100.0,2015,['Sci-Fi'],0,0,0,0,0,0,1,0,0,0,0,0,0,0,0,0,0,0,0,0,0
245,Allied,124.0,"Action,Drama,Romance",7.1,Robert Zemeckis,Graham King,Don Burgess,Steven Knight,106000000,40098064,79168597,119266661,12.515717924528303,2016,"['Action', 'Drama', 'Romance']",0,1,0,0,1,0,0,0,0,0,1,0,0,0,0,0,0,0,0,0,0
246,Misconduct,106.0,"Crime,Drama,Mystery",5.3,Shintaro Shimosawa,Ellen S. Wander,Michael Fimognari,Adam Mason,11000000,0,2352511,2352511,-78.61353636363636,2016,"['Crime', 'Drama', 'Mystery']",1,0,1,0,0,0,0,0,0,0,1,0,0,0,0,0,0,0,0,0,0
247,Unfriended,83.0,"Horror,Mystery,Thriller",5.6,Levan Gabriadze,Timur Bekmambetov,Adam Sidman,Nelson Greaves,1000000,32789645,31574553,64364198,6336.419800000001,2015,"['Horror', 'Mystery', 'Thriller']",0,0,1,1,0,0,0,0,0,1,0,0,0,0,0,0,0,0,0,0,0
248,My All-American,118.0,"Biography,Drama,Sport",7.2,Angelo Pizzo,Paul Schiff,Frank G. DeMarco,Jim Dent,20000000,2246000,0,2246000,-88.77000000000001,2015,"['Biography', 'Drama', 'Sport']",0,0,0,0,0,0,0,0,0,0,1,0,1,1,0,0,0,0,0,0,0
249,The Lady in the Van,104.0,"Biography,Comedy,Drama",6.7,Nicholas Hytner,Damian Jones,Andrew Dunn,Alan Bennett,6000000,10021175,32299328,42320503,605.3417166666667,2016,"['Biography', 'Comedy', 'Drama']",0,0,0,0,0,0,0,0,0,0,1,0,1,0,0,0,0,0,0,0,1
250,The Losers,112.0,Drama,1.7,Yi-an Lou,Eric Yeh,Chi-Hsuan Han,Yun-chu Tang,25000000,23591432,6272408,29863840,19.45536,2010,['Drama'],0,0,0,0,0,0,0,0,0,0,1,0,0,0,0,0,0,0,0,0,0
251,Zoom,96.0,"Animation,Comedy,Drama",6.1,Pedro Morelli,Andrea Barata Ribeiro,Adrian Teijido,Matt Hansen,35000000,11989328,516860,12506188,-64.26803428571428,2006,"['Animation', 'Comedy', 'Drama']",0,0,0,0,0,0,0,0,0,0,1,0,0,0,0,0,1,0,0,0,1
252,The Nice Guys,116.0,"Action,Comedy,Crime",7.4,Shane Black,Joel Silver,Philippe Rousselot,Anthony Bagarozzi,50000000,36261763,23334984,59596747,19.193494,2016,"['Action', 'Comedy', 'Crime']",1,0,0,0,1,0,0,0,0,0,0,0,0,0,0,0,0,0,0,0,1
253,Saul fia,107.0,"Drama,War",7.5,László Nemes,Gábor Rajna,Mátyás Erdély,Clara Royer,1700000,1777043,7919494,9696537,470.3845294117647,2015,"['Drama', 'War']",0,0,0,0,0,0,0,0,0,0,1,0,0,0,0,1,0,0,0,0,0
254,The Bronze,100.0,"Comedy,Drama,Sport",6.0,Bryan Buckley,Stephanie Langhoff,Scott Henriksen,Winston Rauch,3500000,615816,0,615816,-82.40525714285715,2016,"['Comedy', 'Drama', 'Sport']",0,0,0,0,0,0,0,0,0,0,1,0,0,1,0,0,0,0,0,0,1
255,Shutter,123.0,"Drama,Family,Thriller",7.2,V.K. Prakash,M.P. Sanjeev,Manoj Kumar Khatoi,Manisha Korde,8000000,25928550,21853876,47782426,497.280325,2008,"['Drama', 'Family', 'Thriller']",0,0,0,0,0,0,0,0,0,1,1,0,0,0,0,0,0,1,0,0,0
256,Mustang,97.0,Drama,7.6,Deniz Gamze Ergüven,Charles Gillibert,David Chizallet,Alice Winocour,1400000,845464,4707120,5552584,296.61314285714286,2015,['Drama'],0,0,0,0,0,0,0,0,0,0,1,0,0,0,0,0,0,0,0,0,0
257,Stories of Our Lives,60.0,Drama,7.5,Jim Chuchu,Wangechi Ngugi,Dan Muchina,Njoki Ngumi,15000,0,0,0,-100.0,2014,['Drama'],0,0,0,0,0,0,0,0,0,0,1,0,0,0,0,0,0,0,0,0,0
258,Hercules,112.0,Comedy,6.2,Abhijit Guha,Shyamsundar Dey,Supriyo Dutta,Padmanabha Dasgupta,100000000,72688614,170700000,243388614,143.388614,2014,['Comedy'],0,0,0,0,0,0,0,0,0,0,0,0,0,0,0,0,0,0,0,0,1
259,Home,103.0,Drama,7.2,Fien Troch,Antonino Lombardo,Frank van den Eeden,Nico Leunen,130000000,177397510,208600386,385997896,196.92145846153846,2015,['Drama'],0,0,0,0,0,0,0,0,0,0,1,0,0,0,0,0,0,0,0,0,0
260,The Shallows,86.0,"Drama,Horror,Thriller",6.3,Jaume Collet-Serra,Lynn Harris,Flavio Martínez Labiano,Anthony Jaswinski,13000000,55121623,63641819,118763442,813.5649384615384,2016,"['Drama', 'Horror', 'Thriller']",0,0,0,1,0,0,0,0,0,1,1,0,0,0,0,0,0,0,0,0,0
261,Rodeo Girl,108.0,"Adventure,Family",5.8,Joel Paul Reisig,Lucas Miles,Dennis Thomas,Tricia Hopper,500000,0,0,0,-100.0,2015,"['Adventure', 'Family']",0,0,0,0,0,0,0,0,1,0,0,0,0,0,0,0,0,1,0,0,0
262,Renegades,106.0,"Action,Adventure,Crime",5.4,Steven Quale,Raphaël Benoliel,Brian Pearson,Luc Besson,77500000,0,1521672,1521672,-98.03655225806452,2019,"['Action', 'Adventure', 'Crime']",1,0,0,0,1,0,0,0,1,0,0,0,0,0,0,0,0,0,0,0,0
263,Florence Foster Jenkins,111.0,"Biography,Comedy,Drama",6.8,Stephen Frears,Tracey Seaward,Danny Cohen,Nicholas Martin,29000000,27383770,28616569,56000339,93.1046172413793,2016,"['Biography', 'Comedy', 'Drama']",0,0,0,0,0,0,0,0,0,0,1,0,1,0,0,0,0,0,0,0,1
264,Free Fire,91.0,"Action,Comedy,Crime",6.4,Ben Wheatley,Andrew Starke,Laurie Rose,Amy Jump,10000000,1799322,1994417,3793739,-62.06260999999999,2017,"['Action', 'Comedy', 'Crime']",1,0,0,0,1,0,0,0,0,0,0,0,0,0,0,0,0,0,0,0,1
265,Meet the Blacks,94.0,"Comedy,Horror",5.9,Deon Taylor,Shannon McIntosh,John T. Connor,Nicole DeMasi,900000,9097072,0,9097072,910.7857777777778,2016,"['Comedy', 'Horror']",0,0,0,1,0,0,0,0,0,0,0,0,0,0,0,0,0,0,0,0,1
266,The Wall,88.0,"Action,Drama,Thriller",6.2,Doug Liman,David Bartis,Roman Vasyanov,Dwain Worrell,3000000,1803064,2692198,4495262,49.84206666666667,2017,"['Action', 'Drama', 'Thriller']",0,0,0,0,1,0,0,0,0,1,1,0,0,0,0,0,0,0,0,0,0
267,Alpha,96.0,"Adventure,Drama,Family",6.7,Albert Hughes,Andrew Rona,Martin Gschlacht,Daniele Sebastian Wiedenhaupt,51000000,35851379,63773494,99624873,95.34288823529413,2018,"['Adventure', 'Drama', 'Family']",0,0,0,0,0,0,0,0,1,0,1,0,0,0,0,0,0,1,0,0,0
268,The Circle,110.0,"Drama,Sci-Fi,Thriller",5.3,James Ponsoldt,Anthony Bregman,Matthew Libatique,Dave Eggers,18000000,20497844,20154020,40651864,125.84368888888888,2017,"['Drama', 'Sci-Fi', 'Thriller']",0,0,0,0,0,0,1,0,0,1,1,0,0,0,0,0,0,0,0,0,0
269,They Will Have to Kill Us First,100.0,Documentary,7.3,Johanna Schwartz,Kat Amara Korba,Karelle Walker,Andy Morgan,600000,0,7943,7943,-98.67616666666666,2016,['Documentary'],0,0,0,0,0,0,0,0,0,0,0,0,0,0,0,0,0,0,1,0,0
270,Two Lovers and a Bear,96.0,"Adventure,Drama,Romance",6.1,Kim Nguyen,Roger Frappier,Nicolas Bolduc,Louis Grenier,6840000,0,22273,22273,-99.67437134502924,2017,"['Adventure', 'Drama', 'Romance']",0,1,0,0,0,0,0,0,1,0,1,0,0,0,0,0,0,0,0,0,0
271,Gifted,101.0,Drama,7.6,Marc Webb,Karen Lunder,Stuart Dryburgh,Tom Flynn,7000000,24801212,12163444,36964656,428.0665142857143,2017,['Drama'],0,0,0,0,0,0,0,0,0,0,1,0,0,0,0,0,0,0,0,0,0
272,The Prodigy,92.0,"Horror,Thriller",5.9,Nicholas McCarthy,Tripp Vinson,Bridger Nielson,Jeff Buhler,6000000,14856291,4933421,19789712,229.82853333333333,2019,"['Horror', 'Thriller']",0,0,0,1,0,0,0,0,0,1,0,0,0,0,0,0,0,0,0,0,0
273,Nocturnal Animals,116.0,"Drama,Thriller",7.5,Tom Ford,Robert Salerno,Seamus McGarvey,Austin Wright,22500000,10663357,21735324,32398681,43.99413777777777,2016,"['Drama', 'Thriller']",0,0,0,0,0,0,0,0,0,1,1,0,0,0,0,0,0,0,0,0,0
274,Mile 22,94.0,"Action,Adventure,Thriller",6.1,Peter Berg,Stephen Levinson,Jacques Jouffret,Lea Carpenter,35000000,36108758,30186363,66295121,89.41463142857144,2018,"['Action', 'Adventure', 'Thriller']",0,0,0,0,1,0,0,0,1,1,0,0,0,0,0,0,0,0,0,0,0
275,Sleight,89.0,"Action,Drama,Sci-Fi",5.9,J.D. Dillard,Eric B. Fleischman,Ed Wu,Alex Theurer,250000,3930990,3460,3934450,1473.78,2017,"['Action', 'Drama', 'Sci-Fi']",0,0,0,0,1,0,1,0,0,0,1,0,0,0,0,0,0,0,0,0,0
276,All Saints,108.0,Drama,6.0,Steve Gomer,Marc Bienstock,Eduardo Enrique Mayén,Steve Armour,2000000,5802208,139786,5941994,197.0997,2017,['Drama'],0,0,0,0,0,0,0,0,0,0,1,0,0,0,0,0,0,0,0,0,0
277,On the Basis of Sex,120.0,"Biography,Drama",6.9,Mimi Leder,Robert W. Cort,Michael Grady,Daniel Stiepleman,20000000,24622687,13450690,38073377,90.366885,2018,"['Biography', 'Drama']",0,0,0,0,0,0,0,0,0,0,1,0,1,0,0,0,0,0,0,0,0
278,Lumea e a mea,104.0,Drama,6.3,Nicolae Constantin Tanase,Tudor Giurgiu,Daniel Kosuth,Raluca Manescu,168000,0,29678,29678,-82.3345238095238,2015,['Drama'],0,0,0,0,0,0,0,0,0,0,1,0,0,0,0,0,0,0,0,0,0
279,Lights Out,81.0,"Drama,Horror,Mystery",6.3,David F. Sandberg,Lawrence Grey,Marc Spicer,Eric Heisserer,5000000,67268835,81537675,148806510,2876.1302,2016,"['Drama', 'Horror', 'Mystery']",0,0,1,1,0,0,0,0,0,0,1,0,0,0,0,0,0,0,0,0,0
280,Unhinged,95.0,Thriller,4.2,Giorgio Serafini,Scott Dolezal,Colemar Nichols,Garry Charles,29000000,0,0,0,-100.0,2019,['Thriller'],0,0,0,0,0,0,0,0,0,1,0,0,0,0,0,0,0,0,0,0,0
281,How to Be a Latin Lover,115.0,"Comedy,Drama",5.9,Ken Marino,Ben Odell,John Bailey,Jon Zack,10000000,32149404,30406824,62556228,525.56228,2017,"['Comedy', 'Drama']",0,0,0,0,0,0,0,0,0,0,1,0,0,0,0,0,0,0,0,0,1
282,Rough Night,101.0,"Comedy,Crime,Thriller",5.2,Lucia Aniello,Matt Tolmach,Sean Porter,Paul W. Downs,20000000,22105643,24738714,46844357,134.22178499999998,2017,"['Comedy', 'Crime', 'Thriller']",1,0,0,0,0,0,0,0,0,1,0,0,0,0,0,0,0,0,0,0,1
283,Blood Feast,90.0,Horror,4.9,Marcel Walz,Harald Schmalz,Roland Freitag,Philip Lilienschwarz,1200000,8708,0,8708,-99.27433333333333,2018,['Horror'],0,0,0,1,0,0,0,0,0,0,0,0,0,0,0,0,0,0,0,0,0
284,The Resurrection of Gavin Stone,91.0,"Comedy,Drama,Family",6.2,Dallas Jenkins,Michael J. Luisi,Lyn Moncrief,Andrea Gyertson Nasfell,2000000,2303792,0,2303792,15.1896,2017,"['Comedy', 'Drama', 'Family']",0,0,0,0,0,0,0,0,0,0,1,0,0,0,0,0,0,1,0,0,1
285,Kursk,117.0,"Action,Drama,History",6.5,Thomas Vinterberg,Ariel Zeitoun,Anthony Dod Mantle,Robert Rodat,40000000,0,4212799,4212799,-89.4680025,2019,"['Action', 'Drama', 'History']",0,0,0,0,1,0,0,1,0,0,1,0,0,0,0,0,0,0,0,0,0
286,Housefull,,Family,3.9,Linson Antony,Jomon Antony,Neil D'Cuncha,Shiju Nambiath,10100000,1183658,17542642,18726300,85.4089108910891,2010,['Family'],0,0,0,0,0,0,0,0,0,0,0,0,0,0,0,0,0,1,0,0,0
287,Time to Choose,100.0,Documentary,7.5,Charles Ferguson,Audrey Marrs,Yuanchen Liu,Chad Beck,3500000,29233,0,29233,-99.16477142857143,2016,['Documentary'],0,0,0,0,0,0,0,0,0,0,0,0,0,0,0,0,0,0,1,0,0
288,Peter Rabbit,95.0,"Adventure,Animation,Comedy",6.6,Will Gluck,Zareh Nalbandian,Peter Menzies Jr.,Rob Lieber,50000000,115234093,231902384,347136477,594.272954,2018,"['Adventure', 'Animation', 'Comedy']",0,0,0,0,0,0,0,0,1,0,0,0,0,0,0,0,1,0,0,0,1
289,Annabelle: Creation,109.0,"Horror,Mystery,Thriller",6.5,David F. Sandberg,Peter Safran,Maxime Alexandre,Gary Dauberman,15000000,102092201,203292664,305384865,1935.8990999999999,2017,"['Horror', 'Mystery', 'Thriller']",0,0,1,1,0,0,0,0,0,1,0,0,0,0,0,0,0,0,0,0,0
290,Weekend,71.0,Horror,3.8,Yoshikazu Ishii,Keijirô Hara,Masafumi Seki,Keisuke Kanayama,190000,484592,1092993,1577585,730.3078947368422,2011,['Horror'],0,0,0,1,0,0,0,0,0,0,0,0,0,0,0,0,0,0,0,0,0
291,Wuthering Heights,,"Horror,Romance",6.7,Elisaveta Abrahall,Clare Williams,Gary Rogers,Emily Brontë,8000000,100915,2620619,2721534,-65.980825,2012,"['Horror', 'Romance']",0,1,0,1,0,0,0,0,0,0,0,0,0,0,0,0,0,0,0,0,0
292,Columbus,127.0,Comedy,7.3,R. Samala,Ashwani Kumar Sehdev,Samala Bhasker,M.S. Raju,700000,1017107,93404,1110511,58.64442857142858,2017,['Comedy'],0,0,0,0,0,0,0,0,0,0,0,0,0,0,0,0,0,0,0,0,1
293,Happy Death Day,96.0,"Horror,Mystery,Thriller",6.5,Christopher Landon,Jason Blum,Toby Oliver,Scott Lobdell,5000000,55683845,69326415,125010260,2400.2052,2017,"['Horror', 'Mystery', 'Thriller']",0,0,1,1,0,0,0,0,0,1,0,0,0,0,0,0,0,0,0,0,0
294,Wish Upon,90.0,"Drama,Fantasy,Horror",5.0,John R. Leonetti,Sherryl Clark,Michael Galbraith,Barbara Marshall,12000000,14301505,9175840,23477345,95.64454166666667,2017,"['Drama', 'Fantasy', 'Horror']",0,0,0,1,0,0,0,0,0,0,1,1,0,0,0,0,0,0,0,0,0
295,Lean on Pete,121.0,"Adventure,Drama",7.2,Andrew Haigh,Tristan Goligher,Magnus Nordenhof Jønck,Willy Vlautin,8000000,1163056,1291971,2455027,-69.3121625,2018,"['Adventure', 'Drama']",0,0,0,0,0,0,0,0,1,0,1,0,0,0,0,0,0,0,0,0,0
296,The Big Sick,120.0,"Comedy,Drama,Romance",7.6,Michael Showalter,Judd Apatow,Brian Burgoyne,Emily V. Gordon,5000000,42872467,11100393,53972860,979.4572000000001,2017,"['Comedy', 'Drama', 'Romance']",0,1,0,0,0,0,0,0,0,0,1,0,0,0,0,0,0,0,0,0,1
297,Cargo,91.0,Drama,6.4,Gilles Coulier,Wouter Sap,David Williamson,Tom Dupont,4200000,0,313230,313230,-92.54214285714286,2011,['Drama'],0,0,0,0,0,0,0,0,0,0,1,0,0,0,0,0,0,0,0,0,0
298,"I, Tonya",120.0,"Biography,Comedy,Drama",7.5,Craig Gillespie,Tom Ackerley,Nicolas Karakatsanis,Steven Rogers,11000000,30014534,23782875,53797409,389.0673545454546,2017,"['Biography', 'Comedy', 'Drama']",0,0,0,0,0,0,0,0,0,0,1,0,1,0,0,0,0,0,0,0,1
299,The Shape of Water,123.0,"Adventure,Drama,Fantasy",7.3,Guillermo del Toro,J. Miles Dale,Dan Laustsen,Vanessa Taylor,19500000,63859435,131931359,195790794,904.0553538461538,2017,"['Adventure', 'Drama', 'Fantasy']",0,0,0,0,0,0,0,0,1,0,1,1,0,0,0,0,0,0,0,0,0
300,The Covenant,90.0,Horror,5.2,Robert Conway,Justin L. Anderson,Travis Amery,Christopher R. Smith,20000000,23364784,14800000,38164784,90.82392,2006,['Horror'],0,0,0,1,0,0,0,0,0,0,0,0,0,0,0,0,0,0,0,0,0
301,Youth,124.0,Drama,7.3,Rakesh Kudalkar,Sundar Sethuraman,Chetan Jagannath Shinde,Vishal Chavan,13000000,2703296,21298277,24001573,84.62748461538462,2015,['Drama'],0,0,0,0,0,0,0,0,0,0,1,0,0,0,0,0,0,0,0,0,0
302,The Possession of Hannah Grace,86.0,"Horror,Mystery,Thriller",5.2,Diederik Van Rooijen,Todd Garner,Lennert Hillege,Brian Sieve,6000000,14836174,27949213,42785387,613.0897833333333,2018,"['Horror', 'Mystery', 'Thriller']",0,0,1,1,0,0,0,0,0,1,0,0,0,0,0,0,0,0,0,0,0
303,Forsaken,86.0,Thriller,5.0,Conor Allyn,Stacia Crawford,Adrian Peng Correia,Jake Allyn,18000000,0,0,0,-100.0,2016,['Thriller'],0,0,0,0,0,0,0,0,0,1,0,0,0,0,0,0,0,0,0,0,0
304,Dangal,,Action,4.1,Anil Kulchainiya,Chandu,Prasad Chaurasia,Sudhakar Sharma,9500000,12391761,282262857,294654618,3001.627557894737,2016,['Action'],0,0,0,0,1,0,0,0,0,0,0,0,0,0,0,0,0,0,0,0,0
305,Captive State,109.0,"Sci-Fi,Thriller",6.9,Rupert Wyatt,David Crockett,Alex Disenhof,Erica Beeney,25000000,5958315,3034985,8993300,-64.0268,2019,"['Sci-Fi', 'Thriller']",0,0,0,0,0,0,1,0,0,1,0,0,0,0,0,0,0,0,0,0,0
306,Diary of a Wimpy Kid: The Long Haul,91.0,"Comedy,Family",4.4,David Bowers,Brad Simpson,Anthony B. Richmond,Jeff Kinney,22000000,20738724,14870853,35609577,61.86171363636363,2017,"['Comedy', 'Family']",0,0,0,0,0,0,0,0,0,0,0,0,0,0,0,0,0,1,0,0,1
307,Aladdin,128.0,"Adventure,Comedy,Family",7.4,Guy Ritchie,Dan Lin,Alan Stewart,John August,182000000,246734314,372500000,619234314,240.23863406593406,2019,"['Adventure', 'Comedy', 'Family']",0,0,0,0,0,0,0,0,1,0,0,0,0,0,0,0,0,1,0,0,1
308,Adam,95.0,Comedy,6.8,Rhys Ernst,Howard Gertler,Shawn Peters,Ariel Schrag,3200000,2283291,551194,2834485,-11.42234375,2009,['Comedy'],0,0,0,0,0,0,0,0,0,0,0,0,0,0,0,0,0,0,0,0,1
309,Safe,75.0,Thriller,3.8,Paul Ruven,Marian Batavier,Tjitte Jan Nieuwkoop,Mark Gaspercic,33000000,17142080,24353133,41495213,25.743069696969695,2012,['Thriller'],0,0,0,0,0,0,0,0,0,1,0,0,0,0,0,0,0,0,0,0,0
310,Hitman,147.0,Action,4.9,Wajed Ali Sumon,Mohammad Jahangir Alam,S.M. Azhar,N. Linguswamy,24000000,39687694,59447877,99135571,313.0648791666667,2007,['Action'],0,0,0,0,1,0,0,0,0,0,0,0,0,0,0,0,0,0,0,0,0
311,Book Club,104.0,"Comedy,Drama,Romance",6.1,Bill Holderman,Andrew Duncan,Andrew Dunn,Erin Simms,10000000,68566296,22547387,91113683,811.13683,2018,"['Comedy', 'Drama', 'Romance']",0,1,0,0,0,0,0,0,0,0,1,0,0,0,0,0,0,0,0,0,1
312,A Simple Favor,117.0,"Comedy,Crime,Drama",6.9,Paul Feig,Jessie Henderson,John Schwartzman,Jessica Sharzer,20000000,53548586,44080131,97628717,388.143585,2018,"['Comedy', 'Crime', 'Drama']",1,0,0,0,0,0,0,0,0,0,1,0,0,0,0,0,0,0,0,0,1
313,Destroyer,121.0,"Action,Crime,Drama",6.2,Karyn Kusama,Fred Berger,Julie Kirkwood,Phil Hay,9000000,1533324,2147772,3681096,-59.098933333333335,2018,"['Action', 'Crime', 'Drama']",1,0,0,0,1,0,0,0,0,0,1,0,0,0,0,0,0,0,0,0,0
314,Uncle Drew,103.0,"Comedy,Sport",5.7,Charles Stone III,Wyck Godfrey,Karsten Gopinath,Jay Longino,18000000,42469946,4057215,46527161,158.4842277777778,2018,"['Comedy', 'Sport']",0,0,0,0,0,0,0,0,0,0,0,0,0,1,0,0,0,0,0,0,1
315,El Chicano,108.0,Drama,5.7,Ben Hernandez Bray,Lorenzo di Bonaventura,Juan Miguel Azpiroz,Joe Carnahan,8000000,700261,0,700261,-91.2467375,2019,['Drama'],0,0,0,0,0,0,0,0,0,0,1,0,0,0,0,0,0,0,0,0,0
316,"Paul, Apostle of Christ",108.0,"Adventure,Biography,Drama",6.7,Andrew Hyatt,David Zelon,Gerardo Madrazo,Terence Berden,5000000,17547999,7981499,25529498,410.58995999999996,2018,"['Adventure', 'Biography', 'Drama']",0,0,0,0,0,0,0,0,1,0,1,0,1,0,0,0,0,0,0,0,0
317,Instant Family,118.0,"Comedy,Drama",7.4,Sean Anders,Stephen Levinson,Brett Pawlak,John Morris,48000000,67363237,52372951,119736188,149.45039166666666,2018,"['Comedy', 'Drama']",0,0,0,0,0,0,0,0,0,0,1,0,0,0,0,0,0,0,0,0,1
318,Spotlight,99.0,Drama,8.0,Sunkanmi Adebayo,Emem Isong,Uche Alexmoore,Anthony Kehinde Joseph,20000000,45055776,47032684,92088460,360.4423,2015,['Drama'],0,0,0,0,0,0,0,0,0,0,1,0,0,0,0,0,0,0,0,0,0
319,Teefa in Trouble,155.0,"Action,Comedy,Crime",7.4,Ahsan Rahim,Dawid Szurmiej,Zain Haleem,Danyal Zafar,1500000,0,98806,98806,-93.41293333333334,2018,"['Action', 'Comedy', 'Crime']",1,0,0,0,1,0,0,0,0,0,0,0,0,0,0,0,0,0,0,0,1
320,Happy Death Day 2U,100.0,"Drama,Horror,Mystery",6.3,Christopher Landon,Jason Blum,Toby Oliver,Scott Lobdell,9000000,28051045,36128450,64179495,613.1055,2019,"['Drama', 'Horror', 'Mystery']",0,0,1,1,0,0,0,0,0,0,1,0,0,0,0,0,0,0,0,0,0
321,Red,90.0,Drama,8.1,Michael Grandage,Austin Shaw,Nick Morris,John Logan,60000000,90380162,106059531,196439693,227.39948833333332,2010,['Drama'],0,0,0,0,0,0,0,0,0,0,1,0,0,0,0,0,0,0,0,0,0
322,Walter,90.0,Comedy,6.4,Varante Soudjian,Aïssa Djabri,Morgan S. Dalibert,Thomas Pone,700000,0,0,0,-100.0,2015,['Comedy'],0,0,0,0,0,0,0,0,0,0,0,0,0,0,0,0,0,0,0,0,1
323,Extremely Loud & Incredibly Close,129.0,"Adventure,Drama,Mystery",6.9,Stephen Daldry,Scott Rudin,Chris Menges,Eric Roth,40000000,31847881,23400000,55247881,38.1197025,2011,"['Adventure', 'Drama', 'Mystery']",0,0,1,0,0,0,0,0,1,0,1,0,0,0,0,0,0,0,0,0,0
324,Psych:9,98.0,"Horror,Mystery,Thriller",4.5,Andrew Shortell,Philip Waley,Shane Daly,Lawrence Robinson,5000000,0,0,0,-100.0,2010,"['Horror', 'Mystery', 'Thriller']",0,0,1,1,0,0,0,0,0,1,0,0,0,0,0,0,0,0,0,0,0
325,Battle Los Angeles,116.0,"Action,Sci-Fi",5.8,Jonathan Liebesman,Neal H. Moritz,Lukas Ettlin,Christopher Bertolini,70000000,83552429,129911547,213463976,204.94853714285713,2011,"['Action', 'Sci-Fi']",0,0,0,0,1,0,1,0,0,0,0,0,0,0,0,0,0,0,0,0,0
326,This Is the End,107.0,"Comedy,Fantasy",6.6,Evan Goldberg,James Weaver,Brandon Trost,Jason Stone,32000000,101470202,25068915,126539117,295.434740625,2013,"['Comedy', 'Fantasy']",0,0,0,0,0,0,0,0,0,0,0,1,0,0,0,0,0,0,0,0,1
327,This Is Where I Leave You,103.0,"Comedy,Drama",6.6,Shawn Levy,Paula Weinstein,Terry Stacey,Jonathan Tropper,20000000,34296320,7000000,41296320,106.4816,2014,"['Comedy', 'Drama']",0,0,0,0,0,0,0,0,0,0,1,0,0,0,0,0,0,0,0,0,1
328,Mine vaganti,110.0,"Comedy,Drama,Romance",7.3,Ferzan Ozpetek,Domenico Procacci,Maurizio Calvesi,Ivan Cotroneo,9100000,0,18872126,18872126,107.38600000000001,2010,"['Comedy', 'Drama', 'Romance']",0,1,0,0,0,0,0,0,0,0,1,0,0,0,0,0,0,0,0,0,1
329,The Haunting in Connecticut 2: Ghosts of Georgia,101.0,"Drama,Horror,Mystery",5.3,Tom Elkins,Paul Brooks,Yaron Levy,David Coggeshall,9000000,0,0,0,-100.0,2013,"['Drama', 'Horror', 'Mystery']",0,0,1,1,0,0,0,0,0,0,1,0,0,0,0,0,0,0,0,0,0
330,New Year's Eve,113.0,"Comedy,Romance",5.7,Garry Marshall,Mike Karz,Charles Minsky,Katherine Fugate,26000000,54544638,92305635,146850273,464.80874230769234,2011,"['Comedy', 'Romance']",0,1,0,0,0,0,0,0,0,0,0,0,0,0,0,0,0,0,0,0,1
331,Fugly!,100.0,Comedy,4.3,Alfredo Rodriguez de Villa,Daniel Bigel,Nancy Schreiber,Kathy DeMarco,4500000,0,0,0,-100.0,2014,['Comedy'],0,0,0,0,0,0,0,0,0,0,0,0,0,0,0,0,0,0,0,0,1
332,The Woods,117.0,"Drama,Thriller",7.5,Michael Mandell,Romeo Antonio,Jonathan Greene,Stuart Bartieke,6000000,11494838,4874870,16369708,172.82846666666666,2012,"['Drama', 'Thriller']",0,0,0,0,0,0,0,0,0,1,1,0,0,0,0,0,0,0,0,0,0
333,NightLights,97.0,Drama,8.0,David Midell,Keaton Wooden,John Klein,Nick Izzo,250000,21147,0,21147,-91.5412,2014,['Drama'],0,0,0,0,0,0,0,0,0,0,1,0,0,0,0,0,0,0,0,0,0
334,Blackhats,104.0,"Action,Drama,Thriller",6.2,Laron Austin,Bennie Swint,Karlyle Harris,Martin L. Kelley,70000000,8005980,11659024,19665004,-71.90713714285715,2015,"['Action', 'Drama', 'Thriller']",0,0,0,0,1,0,0,0,0,1,1,0,0,0,0,0,0,0,0,0,0
335,Insidious: Chapter 2,106.0,"Horror,Mystery,Thriller",6.6,James Wan,Jason Blum,John R. Leonetti,Leigh Whannell,5000000,83586447,78335068,161921515,3138.4303,2013,"['Horror', 'Mystery', 'Thriller']",0,0,1,1,0,0,0,0,0,1,0,0,0,0,0,0,0,0,0,0,0
336,Not Safe for Work,74.0,Thriller,5.8,Joe Johnston,Jason Blum,Jonathan Taylor,Adam Mason,2500000,0,0,0,-100.0,2014,['Thriller'],0,0,0,0,0,0,0,0,0,1,0,0,0,0,0,0,0,0,0,0,0
337,The Hallow,97.0,Horror,5.7,Corin Hardy,Joe Neurauter,Martijn van Broekhuizen,Felipe Marino,100000,22764410,18892064,41656474,41556.473999999995,2015,['Horror'],0,0,0,1,0,0,0,0,0,0,0,0,0,0,0,0,0,0,0,0,0
338,Beginner's Guide to Sex,92.0,Comedy,3.2,Andrew Drazek,Michael Mailer,Christopher C. Pearson,Ted Beck,1800000,0,0,0,-100.0,2015,['Comedy'],0,0,0,0,0,0,0,0,0,0,0,0,0,0,0,0,0,0,0,0,1
339,"Men, Women & Children",119.0,"Comedy,Drama",6.7,Jason Reitman,Helen Estabrook,Eric Steelberg,Chad Kultgen,16000000,705908,979495,1685403,-89.46623124999999,2014,"['Comedy', 'Drama']",0,0,0,0,0,0,0,0,0,0,1,0,0,0,0,0,0,0,0,0,1
340,Chiamatemi Francesco - Il Papa della gente,98.0,Biography,6.5,Daniele Luchetti,Pietro Valsecchi,Ivan Casalgrandi,Martín Salinas,15000000,0,3925769,3925769,-73.82820666666666,2015,['Biography'],0,0,0,0,0,0,0,0,0,0,0,0,1,0,0,0,0,0,0,0,0
341,Suntan,104.0,Drama,6.6,Argyris Papadimitropoulos,Phaedra Vokali,Christos Karamanis,Syllas Tzoumerkas,11000000,5599781,67390000,72989781,563.5434636363636,2016,['Drama'],0,0,0,0,0,0,0,0,0,0,1,0,0,0,0,0,0,0,0,0,0
342,Mission: Impossible - Fallout,147.0,"Action,Adventure,Thriller",7.8,Christopher McQuarrie,J.J. Abrams,Rob Hardy,Bruce Geller,178000000,220159104,567297448,787456552,342.3913213483146,2018,"['Action', 'Adventure', 'Thriller']",0,0,0,0,1,0,0,0,1,1,0,0,0,0,0,0,0,0,0,0,0
343,A Dog's Way Home,96.0,"Adventure,Drama,Family",6.7,Charles Martin Smith,Gavin Polone,Peter Menzies Jr.,W. Bruce Cameron,61000000,41952715,39196974,81149689,33.03227704918032,2019,"['Adventure', 'Drama', 'Family']",0,0,0,0,0,0,0,0,1,0,1,0,0,0,0,0,0,1,0,0,0
